019,Deep Cove,45°28'S,167°09'E                                          
Based on constituent set with reference date:,17-Mar-2019
Local Std or Daylight Time,Tidal heights in metres.
1,We,1,2025,00:47,2.2,06:53,0.4,13:01,2.3,19:16,0.4
2,Th,1,2025,01:26,2.3,07:34,0.4,13:43,2.4,19:58,0.4
3,Fr,1,2025,02:08,2.3,08:16,0.4,14:26,2.4,20:43,0.4
4,Sa,1,2025,02:53,2.3,09:00,0.5,15:11,2.3,21:31,0.5
5,Su,1,2025,03:41,2.2,09:48,0.6,15:59,2.2,22:23,0.5
6,Mo,1,2025,04:34,2.1,10:41,0.7,16:53,2.1,23:21,0.6
7,Tu,1,2025,05:34,2.0,11:43,0.7,17:58,2.0,,
8,We,1,2025,00:25,0.6,06:40,1.9,12:54,0.7,19:12,1.9
9,Th,1,2025,01:35,0.6,07:51,1.9,14:08,0.6,20:27,1.9
10,Fr,1,2025,02:45,0.6,08:59,1.9,15:19,0.5,21:35,2.0
11,Sa,1,2025,03:48,0.5,10:00,2.0,16:20,0.3,22:35,2.0
12,Su,1,2025,04:45,0.4,10:54,2.1,17:14,0.2,23:28,2.1
13,Mo,1,2025,05:37,0.3,11:44,2.2,18:02,0.1,,
14,Tu,1,2025,00:16,2.2,06:25,0.3,12:31,2.3,18:48,0.1
15,We,1,2025,01:01,2.3,07:10,0.3,13:17,2.3,19:31,0.2
16,Th,1,2025,01:43,2.3,07:51,0.4,14:00,2.3,20:13,0.4
17,Fr,1,2025,02:22,2.2,08:30,0.5,14:40,2.2,20:54,0.5
18,Sa,1,2025,03:01,2.1,09:07,0.6,15:19,2.1,21:35,0.7
19,Su,1,2025,03:40,2.0,09:44,0.8,15:56,2.0,22:15,0.8
20,Mo,1,2025,04:20,1.9,10:24,0.9,16:36,1.9,22:57,0.9
21,Tu,1,2025,05:05,1.8,11:12,1.0,17:24,1.8,23:45,1.0
22,We,1,2025,05:57,1.7,12:12,1.0,18:29,1.7,,
23,Th,1,2025,00:43,1.0,06:58,1.6,13:21,1.0,19:42,1.6
24,Fr,1,2025,01:49,1.0,08:01,1.6,14:26,0.9,20:45,1.7
25,Sa,1,2025,02:50,1.0,08:57,1.7,15:20,0.8,21:36,1.7
26,Su,1,2025,03:39,0.8,09:46,1.8,16:08,0.6,22:19,1.8
27,Mo,1,2025,04:24,0.7,10:31,1.9,16:51,0.5,23:01,2.0
28,Tu,1,2025,05:06,0.6,11:15,2.1,17:32,0.4,23:42,2.1
29,We,1,2025,05:49,0.4,11:58,2.2,18:14,0.3,,
30,Th,1,2025,00:24,2.2,06:32,0.4,12:41,2.3,18:57,0.3
31,Fr,1,2025,01:07,2.3,07:15,0.3,13:25,2.4,19:41,0.3
1,Sa,2,2025,01:52,2.4,07:59,0.4,14:09,2.4,20:26,0.3
2,Su,2,2025,02:37,2.3,08:43,0.4,14:54,2.4,21:14,0.4
3,Mo,2,2025,03:24,2.3,09:31,0.5,15:42,2.3,22:04,0.5
4,Tu,2,2025,04:14,2.1,10:23,0.6,16:35,2.2,22:58,0.6
5,We,2,2025,05:09,2.0,11:24,0.6,17:38,2.0,23:58,0.7
6,Th,2,2025,06:12,1.9,12:34,0.7,18:52,1.9,,
7,Fr,2,2025,01:08,0.7,07:22,1.9,13:48,0.6,20:09,1.8
8,Sa,2,2025,02:22,0.7,08:34,1.9,15:00,0.5,21:19,1.9
9,Su,2,2025,03:30,0.6,09:39,2.0,16:02,0.4,22:19,2.0
10,Mo,2,2025,04:29,0.5,10:36,2.1,16:56,0.3,23:11,2.1
11,Tu,2,2025,05:21,0.4,11:27,2.2,17:44,0.2,23:57,2.2
12,We,2,2025,06:07,0.3,12:14,2.2,18:28,0.2,,
13,Th,2,2025,00:40,2.2,06:50,0.3,12:57,2.3,19:11,0.3
14,Fr,2,2025,01:20,2.2,07:29,0.4,13:38,2.3,19:51,0.4
15,Sa,2,2025,01:59,2.2,08:05,0.5,14:15,2.2,20:29,0.5
16,Su,2,2025,02:35,2.1,08:40,0.7,14:50,2.1,21:05,0.7
17,Mo,2,2025,03:10,2.0,09:14,0.8,15:24,2.0,21:39,0.8
18,Tu,2,2025,03:45,1.9,09:51,0.9,16:00,1.9,22:14,0.9
19,We,2,2025,04:20,1.9,10:33,0.9,16:43,1.8,22:53,1.0
20,Th,2,2025,05:00,1.8,11:23,1.0,17:37,1.7,23:41,1.0
21,Fr,2,2025,05:51,1.7,12:22,1.0,18:44,1.7,,
22,Sa,2,2025,00:44,1.0,06:55,1.7,13:27,0.9,19:51,1.7
23,Su,2,2025,01:53,1.0,08:05,1.7,14:31,0.8,20:50,1.7
24,Mo,2,2025,02:55,0.9,09:08,1.8,15:29,0.7,21:43,1.8
25,Tu,2,2025,03:49,0.7,10:01,1.9,16:21,0.5,22:31,2.0
26,We,2,2025,04:39,0.5,10:50,2.1,17:08,0.4,23:18,2.1
27,Th,2,2025,05:26,0.4,11:36,2.2,17:53,0.3,,
28,Fr,2,2025,00:04,2.2,06:12,0.3,12:21,2.4,18:38,0.2
1,Sa,3,2025,00:50,2.3,06:57,0.3,13:06,2.4,19:23,0.2
2,Su,3,2025,01:35,2.4,07:42,0.3,13:52,2.5,20:09,0.2
3,Mo,3,2025,02:20,2.4,08:27,0.3,14:38,2.4,20:56,0.3
4,Tu,3,2025,03:06,2.3,09:15,0.4,15:27,2.3,21:44,0.5
5,We,3,2025,03:54,2.2,10:07,0.5,16:20,2.2,22:35,0.6
6,Th,3,2025,04:46,2.1,11:07,0.6,17:21,2.0,23:33,0.7
7,Fr,3,2025,05:45,2.0,12:14,0.6,18:33,1.9,,
8,Sa,3,2025,00:42,0.8,06:55,1.9,13:26,0.6,19:49,1.8
9,Su,3,2025,01:59,0.8,08:11,1.9,14:38,0.6,20:58,1.8
10,Mo,3,2025,03:10,0.7,09:20,1.9,15:42,0.5,21:58,1.9
11,Tu,3,2025,04:10,0.6,10:18,2.0,16:37,0.4,22:50,2.0
12,We,3,2025,05:01,0.5,11:09,2.1,17:25,0.3,23:36,2.1
13,Th,3,2025,05:47,0.4,11:54,2.1,18:09,0.3,,
14,Fr,3,2025,00:19,2.1,06:27,0.4,12:35,2.2,18:50,0.3
15,Sa,3,2025,00:58,2.1,07:05,0.5,13:13,2.2,19:27,0.4
16,Su,3,2025,01:35,2.1,07:40,0.5,13:49,2.2,20:02,0.5
17,Mo,3,2025,02:08,2.1,08:14,0.6,14:23,2.1,20:33,0.6
18,Tu,3,2025,02:39,2.1,08:47,0.7,14:56,2.1,21:04,0.8
19,We,3,2025,03:09,2.0,09:21,0.8,15:31,2.0,21:36,0.9
20,Th,3,2025,03:41,2.0,09:59,0.8,16:08,1.9,22:12,0.9
21,Fr,3,2025,04:17,1.9,10:42,0.9,16:53,1.8,22:56,1.0
22,Sa,3,2025,05:03,1.8,11:34,0.9,17:50,1.7,23:53,1.0
23,Su,3,2025,06:04,1.8,12:37,0.9,18:58,1.7,,
24,Mo,3,2025,01:03,0.9,07:19,1.7,13:47,0.8,20:06,1.7
25,Tu,3,2025,02:14,0.8,08:32,1.8,14:54,0.7,21:09,1.8
26,We,3,2025,03:17,0.7,09:32,1.9,15:53,0.5,22:05,1.9
27,Th,3,2025,04:13,0.5,10:25,2.1,16:45,0.4,22:56,2.1
28,Fr,3,2025,05:04,0.4,11:14,2.2,17:33,0.2,23:45,2.2
29,Sa,3,2025,05:52,0.3,12:02,2.4,18:19,0.1,,
30,Su,3,2025,00:31,2.3,06:39,0.2,12:49,2.5,19:05,0.1
31,Mo,3,2025,01:17,2.4,07:25,0.2,13:36,2.5,19:51,0.2
1,Tu,4,2025,02:02,2.4,08:12,0.2,14:24,2.4,20:38,0.3
2,We,4,2025,02:47,2.4,09:01,0.3,15:13,2.3,21:25,0.5
3,Th,4,2025,03:34,2.3,09:53,0.4,16:06,2.2,22:15,0.6
4,Fr,4,2025,04:25,2.1,10:50,0.5,17:04,2.0,23:11,0.8
5,Sa,4,2025,05:22,2.0,11:52,0.6,18:10,1.9,,
6,Su,4,2025,00:18,0.8,05:30,1.9,12:00,0.7,18:20,1.8
7,Mo,4,2025,00:33,0.8,06:46,1.8,13:11,0.7,19:30,1.8
8,Tu,4,2025,01:45,0.7,07:58,1.8,14:19,0.6,20:33,1.8
9,We,4,2025,02:46,0.7,08:57,1.9,15:16,0.5,21:28,1.9
10,Th,4,2025,03:39,0.6,09:47,2.0,16:05,0.5,22:16,1.9
11,Fr,4,2025,04:25,0.5,10:31,2.0,16:48,0.4,22:58,2.0
12,Sa,4,2025,05:05,0.5,11:11,2.1,17:26,0.4,23:35,2.0
13,Su,4,2025,05:42,0.5,11:48,2.1,18:00,0.5,,
14,Mo,4,2025,00:07,2.1,06:15,0.5,12:23,2.1,18:32,0.5
15,Tu,4,2025,00:37,2.1,06:48,0.6,12:56,2.1,19:01,0.6
16,We,4,2025,01:06,2.1,07:19,0.6,13:29,2.1,19:32,0.7
17,Th,4,2025,01:36,2.1,07:52,0.7,14:02,2.1,20:04,0.8
18,Fr,4,2025,02:09,2.1,08:28,0.7,14:37,2.0,20:40,0.8
19,Sa,4,2025,02:47,2.0,09:09,0.8,15:18,1.9,21:23,0.9
20,Su,4,2025,03:32,1.9,09:58,0.8,16:09,1.8,22:17,0.9
21,Mo,4,2025,04:29,1.9,10:59,0.8,17:15,1.8,23:24,0.9
22,Tu,4,2025,05:41,1.8,12:10,0.8,18:28,1.8,,
23,We,4,2025,00:37,0.8,06:57,1.8,13:22,0.7,19:39,1.8
24,Th,4,2025,01:46,0.7,08:03,1.9,14:26,0.5,20:40,1.9
25,Fr,4,2025,02:47,0.5,09:00,2.1,15:21,0.4,21:35,2.1
26,Sa,4,2025,03:42,0.4,09:53,2.2,16:12,0.2,22:24,2.2
27,Su,4,2025,04:33,0.2,10:43,2.3,17:00,0.1,23:12,2.3
28,Mo,4,2025,05:22,0.2,11:33,2.4,17:47,0.1,23:58,2.4
29,Tu,4,2025,06:10,0.1,12:22,2.4,18:34,0.2,,
30,We,4,2025,00:44,2.4,06:58,0.2,13:11,2.4,19:21,0.3
1,Th,5,2025,01:30,2.4,07:47,0.2,14:00,2.3,20:08,0.5
2,Fr,5,2025,02:16,2.3,08:37,0.4,14:50,2.2,20:57,0.6
3,Sa,5,2025,03:06,2.2,09:30,0.5,15:43,2.0,21:50,0.7
4,Su,5,2025,04:00,2.0,10:26,0.7,16:40,1.9,22:51,0.8
5,Mo,5,2025,05:04,1.9,11:29,0.8,17:45,1.8,,
6,Tu,5,2025,00:00,0.9,06:17,1.8,12:40,0.8,18:56,1.7
7,We,5,2025,01:12,0.8,07:30,1.8,13:52,0.8,20:06,1.7
8,Th,5,2025,02:19,0.8,08:31,1.8,14:53,0.7,21:06,1.8
9,Fr,5,2025,03:15,0.7,09:22,1.9,15:42,0.6,21:54,1.8
10,Sa,5,2025,04:02,0.6,10:06,1.9,16:23,0.5,22:33,1.9
11,Su,5,2025,04:41,0.6,10:46,2.0,16:59,0.5,23:05,2.0
12,Mo,5,2025,05:16,0.5,11:22,2.1,17:31,0.5,23:35,2.1
13,Tu,5,2025,05:48,0.5,11:57,2.1,18:01,0.6,,
14,We,5,2025,00:04,2.1,06:19,0.5,12:29,2.1,18:31,0.6
15,Th,5,2025,00:35,2.2,06:51,0.5,13:01,2.2,19:03,0.6
16,Fr,5,2025,01:08,2.2,07:24,0.6,13:34,2.2,19:37,0.7
17,Sa,5,2025,01:44,2.2,08:01,0.6,14:10,2.1,20:15,0.7
18,Su,5,2025,02:24,2.1,08:43,0.7,14:51,2.0,20:59,0.8
19,Mo,5,2025,03:09,2.0,09:32,0.7,15:42,1.9,21:50,0.8
20,Tu,5,2025,04:03,2.0,10:31,0.8,16:45,1.8,22:53,0.8
21,We,5,2025,05:09,1.9,11:39,0.7,17:57,1.8,,
22,Th,5,2025,00:06,0.8,06:24,1.9,12:51,0.7,19:09,1.8
23,Fr,5,2025,01:18,0.7,07:35,1.9,13:59,0.5,20:14,1.9
24,Sa,5,2025,02:23,0.5,08:37,2.0,14:58,0.4,21:12,2.0
25,Su,5,2025,03:22,0.4,09:34,2.2,15:51,0.3,22:03,2.2
26,Mo,5,2025,04:16,0.2,10:27,2.3,16:41,0.2,22:52,2.3
27,Tu,5,2025,05:07,0.1,11:19,2.3,17:30,0.2,23:40,2.4
28,We,5,2025,05:56,0.1,12:09,2.4,18:18,0.2,,
29,Th,5,2025,00:26,2.4,06:43,0.1,12:57,2.4,19:05,0.3
30,Fr,5,2025,01:13,2.4,07:31,0.2,13:44,2.3,19:51,0.4
31,Sa,5,2025,02:00,2.3,08:18,0.4,14:30,2.2,20:37,0.6
1,Su,6,2025,02:47,2.2,09:07,0.5,15:17,2.1,21:26,0.7
2,Mo,6,2025,03:38,2.1,09:59,0.7,16:08,1.9,22:19,0.8
3,Tu,6,2025,04:34,1.9,10:57,0.8,17:08,1.8,23:22,0.9
4,We,6,2025,05:39,1.8,12:04,0.9,18:19,1.7,,
5,Th,6,2025,00:34,0.9,06:51,1.7,13:17,0.9,19:35,1.7
6,Fr,6,2025,01:46,0.9,07:58,1.7,14:22,0.8,20:38,1.7
7,Sa,6,2025,02:47,0.8,08:53,1.8,15:13,0.7,21:24,1.8
8,Su,6,2025,03:34,0.7,09:39,1.8,15:53,0.7,21:59,1.8
9,Mo,6,2025,04:12,0.6,10:19,1.9,16:27,0.6,22:30,1.9
10,Tu,6,2025,04:46,0.5,10:54,2.0,16:58,0.6,23:01,2.1
11,We,6,2025,05:17,0.5,11:27,2.1,17:29,0.6,23:33,2.2
12,Th,6,2025,05:50,0.4,12:00,2.2,18:02,0.6,,
13,Fr,6,2025,00:08,2.2,06:23,0.4,12:33,2.2,18:37,0.5
14,Sa,6,2025,00:45,2.3,07:00,0.5,13:08,2.2,19:14,0.6
15,Su,6,2025,01:24,2.3,07:39,0.5,13:47,2.2,19:54,0.6
16,Mo,6,2025,02:05,2.2,08:23,0.6,14:31,2.1,20:39,0.7
17,Tu,6,2025,02:49,2.2,09:12,0.6,15:22,2.0,21:29,0.7
18,We,6,2025,03:40,2.1,10:08,0.7,16:21,1.9,22:29,0.8
19,Th,6,2025,04:42,2.0,11:12,0.7,17:28,1.9,23:38,0.8
20,Fr,6,2025,05:55,1.9,12:22,0.6,18:39,1.8,,
21,Sa,6,2025,00:51,0.7,07:09,1.9,13:31,0.6,19:47,1.9
22,Su,6,2025,02:00,0.5,08:16,2.0,14:35,0.5,20:48,2.0
23,Mo,6,2025,03:04,0.4,09:17,2.1,15:32,0.4,21:43,2.1
24,Tu,6,2025,04:00,0.2,10:14,2.2,16:24,0.3,22:34,2.3
25,We,6,2025,04:52,0.1,11:06,2.3,17:15,0.2,23:22,2.4
26,Th,6,2025,05:40,0.1,11:55,2.3,18:03,0.2,,
27,Fr,6,2025,00:10,2.4,06:27,0.1,12:41,2.3,18:49,0.3
28,Sa,6,2025,00:57,2.4,07:13,0.2,13:25,2.3,19:33,0.4
29,Su,6,2025,01:42,2.3,07:58,0.4,14:07,2.2,20:16,0.5
30,Mo,6,2025,02:27,2.2,08:43,0.6,14:51,2.1,20:59,0.7
1,Tu,7,2025,03:12,2.1,09:30,0.7,15:37,1.9,21:45,0.8
2,We,7,2025,03:59,1.9,10:21,0.9,16:31,1.8,22:41,1.0
3,Th,7,2025,04:55,1.8,11:19,0.9,17:35,1.7,23:49,1.0
4,Fr,7,2025,06:04,1.7,12:28,1.0,18:47,1.6,,
5,Sa,7,2025,01:02,1.0,07:17,1.7,13:37,0.9,19:51,1.6
6,Su,7,2025,02:07,0.9,08:19,1.7,14:32,0.9,20:39,1.7
7,Mo,7,2025,02:56,0.8,09:07,1.8,15:15,0.8,21:17,1.8
8,Tu,7,2025,03:36,0.7,09:46,1.8,15:51,0.7,21:53,1.9
9,We,7,2025,04:12,0.5,10:22,1.9,16:25,0.6,22:28,2.0
10,Th,7,2025,04:46,0.5,10:56,2.1,16:59,0.6,23:05,2.2
11,Fr,7,2025,05:22,0.4,11:31,2.2,17:35,0.5,23:44,2.3
12,Sa,7,2025,05:59,0.4,12:08,2.2,18:14,0.4,,
13,Su,7,2025,00:24,2.3,06:38,0.4,12:47,2.3,18:54,0.5
14,Mo,7,2025,01:04,2.3,07:20,0.4,13:29,2.3,19:36,0.5
15,Tu,7,2025,01:47,2.3,08:05,0.5,14:15,2.2,20:21,0.6
16,We,7,2025,02:31,2.3,08:53,0.5,15:04,2.1,21:10,0.6
17,Th,7,2025,03:21,2.2,09:46,0.6,15:58,2.0,22:07,0.7
18,Fr,7,2025,04:19,2.0,10:45,0.7,17:00,1.9,23:14,0.7
19,Sa,7,2025,05:30,1.9,11:53,0.7,18:09,1.9,,
20,Su,7,2025,00:27,0.6,06:47,1.9,13:05,0.6,19:20,1.9
21,Mo,7,2025,01:40,0.5,07:59,1.9,14:13,0.6,20:25,2.0
22,Tu,7,2025,02:47,0.4,09:03,2.0,15:14,0.5,21:23,2.1
23,We,7,2025,03:45,0.2,10:00,2.1,16:09,0.4,22:16,2.2
24,Th,7,2025,04:36,0.1,10:51,2.2,16:59,0.3,23:06,2.3
25,Fr,7,2025,05:24,0.1,11:37,2.3,17:46,0.3,23:54,2.3
26,Sa,7,2025,06:09,0.2,12:21,2.3,18:30,0.3,,
27,Su,7,2025,00:39,2.4,06:53,0.3,13:03,2.3,19:12,0.4
28,Mo,7,2025,01:23,2.3,07:37,0.4,13:44,2.2,19:52,0.5
29,Tu,7,2025,02:03,2.2,08:19,0.6,14:25,2.1,20:32,0.7
30,We,7,2025,02:43,2.1,09:00,0.7,15:07,1.9,21:14,0.9
31,Th,7,2025,03:24,1.9,09:43,0.9,15:52,1.8,22:02,1.0
1,Fr,8,2025,04:12,1.8,10:30,1.0,16:42,1.7,23:00,1.0
2,Sa,8,2025,05:13,1.7,11:26,1.0,17:40,1.7,,
3,Su,8,2025,00:05,1.0,06:25,1.6,12:33,1.0,18:43,1.6
4,Mo,8,2025,01:10,0.9,07:31,1.6,13:36,1.0,19:42,1.7
5,Tu,8,2025,02:06,0.8,08:24,1.7,14:28,0.9,20:32,1.7
6,We,8,2025,02:54,0.7,09:07,1.8,15:10,0.8,21:16,1.9
7,Th,8,2025,03:36,0.6,09:46,1.9,15:50,0.6,21:58,2.0
8,Fr,8,2025,04:16,0.5,10:25,2.0,16:30,0.5,22:40,2.2
9,Sa,8,2025,04:56,0.4,11:05,2.2,17:11,0.4,23:21,2.3
10,Su,8,2025,05:36,0.3,11:46,2.3,17:53,0.4,,
11,Mo,8,2025,00:03,2.4,06:18,0.3,12:28,2.3,18:35,0.4
12,Tu,8,2025,00:45,2.4,07:02,0.3,13:12,2.3,19:19,0.4
13,We,8,2025,01:29,2.4,07:47,0.4,13:58,2.3,20:04,0.5
14,Th,8,2025,02:14,2.3,08:34,0.4,14:45,2.2,20:53,0.6
15,Fr,8,2025,03:04,2.2,09:25,0.6,15:36,2.1,21:49,0.6
16,Sa,8,2025,04:01,2.1,10:21,0.7,16:33,2.0,22:54,0.6
17,Su,8,2025,05:10,1.9,11:26,0.7,17:40,1.9,,
18,Mo,8,2025,00:06,0.6,06:28,1.9,12:40,0.7,18:53,1.9
19,Tu,8,2025,01:20,0.5,07:42,1.9,13:53,0.7,20:04,1.9
20,We,8,2025,02:28,0.4,08:47,1.9,14:57,0.5,21:06,2.0
21,Th,8,2025,03:27,0.3,09:43,2.0,15:52,0.4,22:00,2.1
22,Fr,8,2025,04:19,0.2,10:32,2.1,16:42,0.3,22:50,2.2
23,Sa,8,2025,05:06,0.2,11:18,2.2,17:28,0.3,23:36,2.3
24,Su,8,2025,05:51,0.2,12:01,2.2,18:10,0.3,,
25,Mo,8,2025,00:20,2.3,06:33,0.3,12:42,2.2,18:50,0.4
26,Tu,8,2025,01:00,2.3,07:14,0.4,13:22,2.2,19:28,0.6
27,We,8,2025,01:38,2.2,07:52,0.6,14:00,2.1,20:06,0.7
28,Th,8,2025,02:15,2.1,08:29,0.7,14:36,2.0,20:44,0.8
29,Fr,8,2025,02:52,2.0,09:04,0.9,15:11,1.9,21:25,0.9
30,Sa,8,2025,03:34,1.8,09:42,1.0,15:49,1.8,22:11,1.0
31,Su,8,2025,04:24,1.7,10:27,1.0,16:34,1.7,23:05,1.0
1,Mo,9,2025,05:25,1.7,11:24,1.1,17:32,1.7,,
2,Tu,9,2025,00:06,0.9,06:30,1.6,12:30,1.0,18:41,1.7
3,We,9,2025,01:10,0.9,07:30,1.7,13:34,0.9,19:46,1.7
4,Th,9,2025,02:10,0.8,08:23,1.7,14:28,0.8,20:41,1.8
5,Fr,9,2025,03:02,0.6,09:11,1.9,15:17,0.6,21:29,2.0
6,Sa,9,2025,03:48,0.5,09:57,2.0,16:03,0.5,22:14,2.1
7,Su,9,2025,04:32,0.4,10:42,2.2,16:49,0.4,22:59,2.3
8,Mo,9,2025,05:15,0.3,11:26,2.3,17:33,0.3,23:43,2.4
9,Tu,9,2025,05:58,0.2,12:10,2.4,18:18,0.3,,
10,We,9,2025,00:27,2.4,06:43,0.2,12:54,2.4,19:02,0.3
11,Th,9,2025,01:12,2.4,07:29,0.3,13:39,2.4,19:48,0.4
12,Fr,9,2025,01:59,2.4,08:15,0.4,14:25,2.3,20:38,0.5
13,Sa,9,2025,02:49,2.2,09:04,0.5,15:14,2.2,21:33,0.5
14,Su,9,2025,03:46,2.1,09:58,0.7,16:09,2.0,22:36,0.6
15,Mo,9,2025,04:53,1.9,11:02,0.8,17:14,1.9,23:46,0.6
16,Tu,9,2025,06:07,1.8,12:17,0.8,18:29,1.9,,
17,We,9,2025,00:59,0.6,07:20,1.8,13:31,0.7,19:44,1.9
18,Th,9,2025,02:08,0.5,08:25,1.9,14:37,0.6,20:48,2.0
19,Fr,9,2025,03:09,0.4,09:22,2.0,15:33,0.5,21:43,2.1
20,Sa,9,2025,04:01,0.3,10:12,2.0,16:23,0.4,22:32,2.1
21,Su,9,2025,04:48,0.3,10:58,2.1,17:08,0.4,23:16,2.2
22,Mo,9,2025,05:32,0.3,11:41,2.1,17:50,0.4,23:58,2.2
23,Tu,9,2025,06:12,0.3,12:21,2.2,18:29,0.5,,
24,We,9,2025,00:37,2.2,06:49,0.4,12:57,2.1,19:05,0.5
25,Th,9,2025,01:13,2.2,07:24,0.6,13:30,2.1,19:40,0.6
26,Fr,9,2025,01:48,2.1,07:56,0.7,14:01,2.1,20:14,0.7
27,Sa,9,2025,02:23,2.0,08:27,0.8,14:32,2.0,20:49,0.8
28,Su,9,2025,03:59,1.9,10:01,0.9,16:05,1.9,22:28,0.9
29,Mo,9,2025,04:39,1.8,10:40,1.0,16:45,1.8,23:14,0.9
30,Tu,9,2025,05:28,1.7,11:29,1.0,17:38,1.8,,
1,We,10,2025,00:11,0.9,06:29,1.7,12:32,1.0,18:48,1.7
2,Th,10,2025,01:18,0.9,07:37,1.7,13:42,0.9,20:02,1.8
3,Fr,10,2025,02:27,0.8,08:42,1.7,14:48,0.8,21:06,1.8
4,Sa,10,2025,03:28,0.7,09:39,1.8,15:46,0.6,22:00,2.0
5,Su,10,2025,04:20,0.5,10:31,2.0,16:38,0.5,22:49,2.1
6,Mo,10,2025,05:08,0.3,11:20,2.2,17:27,0.3,23:37,2.3
7,Tu,10,2025,05:53,0.2,12:06,2.3,18:14,0.3,,
8,We,10,2025,00:23,2.4,06:39,0.2,12:51,2.4,19:00,0.2
9,Th,10,2025,01:10,2.5,07:25,0.2,13:36,2.4,19:46,0.2
10,Fr,10,2025,01:58,2.5,08:11,0.3,14:21,2.4,20:34,0.3
11,Sa,10,2025,02:46,2.4,08:58,0.4,15:07,2.3,21:24,0.4
12,Su,10,2025,03:37,2.3,09:46,0.6,15:55,2.2,22:18,0.5
13,Mo,10,2025,04:32,2.1,10:39,0.7,16:49,2.1,23:17,0.6
14,Tu,10,2025,05:33,1.9,11:40,0.8,17:52,2.0,,
15,We,10,2025,00:22,0.6,06:41,1.8,12:52,0.8,19:06,1.9
16,Th,10,2025,01:33,0.7,07:52,1.8,14:06,0.8,20:22,1.9
17,Fr,10,2025,02:45,0.6,09:00,1.8,15:13,0.7,21:28,1.9
18,Sa,10,2025,03:48,0.6,10:00,1.9,16:12,0.6,22:23,2.0
19,Su,10,2025,04:42,0.5,10:53,1.9,17:04,0.5,23:11,2.0
20,Mo,10,2025,05:29,0.4,11:40,2.0,17:49,0.5,23:55,2.1
21,Tu,10,2025,06:10,0.4,12:20,2.1,18:29,0.5,,
22,We,10,2025,00:36,2.1,06:48,0.4,12:56,2.1,19:06,0.5
23,Th,10,2025,01:13,2.2,07:22,0.5,13:28,2.1,19:39,0.5
24,Fr,10,2025,01:48,2.1,07:54,0.6,13:58,2.1,20:11,0.6
25,Sa,10,2025,02:21,2.1,08:24,0.7,14:27,2.1,20:43,0.6
26,Su,10,2025,02:53,2.1,08:54,0.8,14:58,2.1,21:15,0.7
27,Mo,10,2025,03:25,2.0,09:26,0.8,15:32,2.0,21:52,0.8
28,Tu,10,2025,04:01,1.9,10:04,0.9,16:12,2.0,22:36,0.8
29,We,10,2025,04:44,1.8,10:50,0.9,17:01,1.9,23:31,0.9
30,Th,10,2025,05:42,1.8,11:49,0.9,18:06,1.8,,
31,Fr,10,2025,00:37,0.9,06:52,1.7,13:00,0.9,19:21,1.8
1,Sa,11,2025,01:48,0.8,08:05,1.7,14:12,0.8,20:31,1.9
2,Su,11,2025,02:55,0.6,09:10,1.8,15:17,0.6,21:31,2.0
3,Mo,11,2025,03:52,0.5,10:06,2.0,16:14,0.5,22:25,2.1
4,Tu,11,2025,04:44,0.3,10:57,2.1,17:07,0.3,23:16,2.2
5,We,11,2025,05:33,0.2,11:45,2.3,17:56,0.2,,
6,Th,11,2025,00:06,2.4,06:20,0.2,12:31,2.4,18:44,0.1
7,Fr,11,2025,00:55,2.4,07:07,0.2,13:17,2.4,19:32,0.1
8,Sa,11,2025,01:45,2.4,07:54,0.3,14:03,2.4,20:20,0.2
9,Su,11,2025,02:33,2.4,08:42,0.4,14:50,2.4,21:09,0.3
10,Mo,11,2025,03:23,2.3,09:30,0.5,15:39,2.3,22:01,0.4
11,Tu,11,2025,04:14,2.1,10:21,0.7,16:31,2.1,22:56,0.6
12,We,11,2025,05:09,2.0,11:17,0.8,17:30,2.0,23:57,0.7
13,Th,11,2025,06:10,1.8,12:23,0.8,18:40,1.9,,
14,Fr,11,2025,01:05,0.8,07:19,1.8,13:35,0.8,19:54,1.8
15,Sa,11,2025,02:18,0.8,08:32,1.7,14:47,0.8,21:02,1.8
16,Su,11,2025,03:25,0.7,09:39,1.8,15:51,0.7,22:00,1.9
17,Mo,11,2025,04:20,0.6,10:33,1.9,16:44,0.6,22:49,1.9
18,Tu,11,2025,05:06,0.5,11:17,1.9,17:28,0.5,23:33,2.0
19,We,11,2025,05:46,0.5,11:54,2.0,18:06,0.5,,
20,Th,11,2025,00:12,2.0,06:21,0.5,12:26,2.1,18:39,0.5
21,Fr,11,2025,00:48,2.1,06:53,0.6,12:56,2.1,19:10,0.5
22,Sa,11,2025,01:21,2.1,07:23,0.6,13:26,2.2,19:41,0.5
23,Su,11,2025,01:51,2.1,07:53,0.7,13:57,2.2,20:12,0.6
24,Mo,11,2025,02:22,2.1,08:24,0.7,14:30,2.2,20:46,0.6
25,Tu,11,2025,02:54,2.1,08:58,0.7,15:07,2.1,21:24,0.7
26,We,11,2025,03:31,2.0,09:36,0.8,15:47,2.1,22:09,0.8
27,Th,11,2025,04:15,2.0,10:22,0.8,16:35,2.0,23:01,0.8
28,Fr,11,2025,05:10,1.9,11:18,0.8,17:33,1.9,,
29,Sa,11,2025,00:03,0.8,06:18,1.8,12:27,0.8,18:45,1.9
30,Su,11,2025,01:13,0.7,07:31,1.8,13:41,0.8,19:58,1.9
1,Mo,12,2025,02:22,0.6,08:40,1.8,14:49,0.6,21:04,2.0
2,Tu,12,2025,03:25,0.5,09:40,2.0,15:51,0.5,22:04,2.1
3,We,12,2025,04:21,0.4,10:34,2.1,16:47,0.3,22:59,2.2
4,Th,12,2025,05:13,0.3,11:24,2.2,17:39,0.2,23:52,2.3
5,Fr,12,2025,06:03,0.2,12:13,2.4,18:29,0.1,,
6,Sa,12,2025,00:42,2.4,06:52,0.2,13:00,2.4,19:17,0.1
7,Su,12,2025,01:31,2.4,07:39,0.3,13:47,2.4,20:05,0.1
8,Mo,12,2025,02:19,2.4,08:26,0.4,14:35,2.4,20:53,0.3
9,Tu,12,2025,03:05,2.3,09:13,0.5,15:23,2.3,21:42,0.4
10,We,12,2025,03:52,2.1,10:00,0.6,16:13,2.2,22:34,0.6
11,Th,12,2025,04:42,2.0,10:52,0.7,17:06,2.0,23:29,0.7
12,Fr,12,2025,05:38,1.8,11:51,0.8,18:08,1.9,,
13,Sa,12,2025,00:32,0.8,06:45,1.7,13:02,0.9,19:19,1.8
14,Su,12,2025,01:44,0.8,08:01,1.7,14:17,0.9,20:31,1.7
15,Mo,12,2025,02:54,0.8,09:11,1.7,15:25,0.8,21:34,1.8
16,Tu,12,2025,03:52,0.7,10:05,1.8,16:19,0.7,22:25,1.8
17,We,12,2025,04:39,0.7,10:47,1.8,17:01,0.6,23:09,1.9
18,Th,12,2025,05:17,0.6,11:21,1.9,17:36,0.5,23:46,2.0
19,Fr,12,2025,05:51,0.6,11:52,2.0,18:08,0.5,,
20,Sa,12,2025,00:19,2.1,06:22,0.6,12:23,2.1,18:40,0.4
21,Su,12,2025,00:50,2.1,06:52,0.6,12:56,2.2,19:12,0.5
22,Mo,12,2025,01:21,2.2,07:23,0.6,13:31,2.2,19:45,0.5
23,Tu,12,2025,01:53,2.2,07:57,0.6,14:07,2.3,20:22,0.6
24,We,12,2025,02:29,2.2,08:34,0.6,14:45,2.2,21:02,0.6
25,Th,12,2025,03:09,2.1,09:15,0.7,15:26,2.2,21:47,0.7
26,Fr,12,2025,03:54,2.1,10:01,0.7,16:12,2.1,22:37,0.7
27,Sa,12,2025,04:47,2.0,10:55,0.8,17:07,2.0,23:35,0.7
28,Su,12,2025,05:49,1.9,12:00,0.8,18:14,1.9,,
29,Mo,12,2025,00:41,0.7,06:58,1.8,13:12,0.7,19:29,1.9
30,Tu,12,2025,01:51,0.6,08:09,1.9,14:24,0.6,20:41,1.9
31,We,12,2025,02:59,0.6,09:14,1.9,15:30,0.4,21:45,2.0
