198,Fishing Rock - Raoul Island,29°15'S,177°55'W                                          
Based on constituent set with reference date:,01-Jan-2016
Local Std or Daylight Time,Tidal heights in metres.
1,We,1,2025,02:47,0.5,09:08,1.6,15:01,0.7,21:03,1.7
2,Th,1,2025,03:30,0.5,09:51,1.6,15:48,0.6,21:49,1.7
3,Fr,1,2025,04:12,0.4,10:34,1.7,16:35,0.6,22:35,1.7
4,Sa,1,2025,04:55,0.4,11:17,1.7,17:22,0.6,23:22,1.7
5,Su,1,2025,05:38,0.4,12:01,1.7,18:10,0.5,,
6,Mo,1,2025,00:11,1.7,06:24,0.5,12:47,1.8,19:01,0.5
7,Tu,1,2025,01:02,1.6,07:12,0.5,13:35,1.8,19:54,0.5
8,We,1,2025,01:57,1.6,08:03,0.5,14:27,1.7,20:50,0.5
9,Th,1,2025,02:56,1.6,08:59,0.6,15:21,1.7,21:49,0.5
10,Fr,1,2025,04:00,1.5,09:59,0.6,16:19,1.7,22:51,0.5
11,Sa,1,2025,05:06,1.5,11:04,0.7,17:20,1.7,23:52,0.5
12,Su,1,2025,06:11,1.5,12:09,0.7,18:20,1.7,,
13,Mo,1,2025,00:51,0.5,07:13,1.6,13:11,0.7,19:19,1.7
14,Tu,1,2025,01:47,0.5,08:10,1.6,14:10,0.7,20:14,1.7
15,We,1,2025,02:39,0.4,09:01,1.6,15:03,0.6,21:06,1.7
16,Th,1,2025,03:27,0.4,09:49,1.7,15:53,0.6,21:55,1.7
17,Fr,1,2025,04:12,0.4,10:33,1.7,16:39,0.6,22:41,1.6
18,Sa,1,2025,04:55,0.5,11:14,1.7,17:23,0.6,23:25,1.6
19,Su,1,2025,05:35,0.5,11:54,1.7,18:06,0.6,,
20,Mo,1,2025,00:08,1.6,06:15,0.6,12:33,1.6,18:48,0.6
21,Tu,1,2025,00:51,1.5,06:54,0.6,13:12,1.6,19:31,0.7
22,We,1,2025,01:35,1.5,07:35,0.7,13:52,1.6,20:16,0.7
23,Th,1,2025,02:21,1.4,08:17,0.7,14:35,1.6,21:04,0.7
24,Fr,1,2025,03:12,1.4,09:04,0.8,15:21,1.5,21:57,0.7
25,Sa,1,2025,04:08,1.4,09:56,0.8,16:12,1.5,22:52,0.7
26,Su,1,2025,05:07,1.4,10:53,0.8,17:07,1.5,23:48,0.7
27,Mo,1,2025,06:06,1.4,11:53,0.8,18:04,1.6,,
28,Tu,1,2025,00:41,0.6,07:02,1.5,12:52,0.8,18:59,1.6
29,We,1,2025,01:32,0.6,07:53,1.5,13:47,0.7,19:51,1.6
30,Th,1,2025,02:20,0.5,08:40,1.6,14:38,0.6,20:42,1.7
31,Fr,1,2025,03:05,0.4,09:26,1.7,15:28,0.6,21:31,1.7
1,Sa,2,2025,03:50,0.4,10:10,1.8,16:16,0.5,22:19,1.7
2,Su,2,2025,04:34,0.4,10:54,1.8,17:03,0.5,23:07,1.7
3,Mo,2,2025,05:19,0.4,11:39,1.8,17:52,0.4,23:56,1.7
4,Tu,2,2025,06:06,0.4,12:25,1.8,18:41,0.4,,
5,We,2,2025,00:47,1.7,06:54,0.5,13:13,1.8,19:33,0.5
6,Th,2,2025,01:40,1.6,07:45,0.5,14:04,1.8,20:28,0.5
7,Fr,2,2025,02:38,1.6,08:40,0.6,14:59,1.7,21:27,0.5
8,Sa,2,2025,03:41,1.5,09:41,0.7,15:58,1.6,22:29,0.5
9,Su,2,2025,04:48,1.5,10:47,0.7,17:02,1.6,23:33,0.6
10,Mo,2,2025,05:55,1.5,11:56,0.7,18:06,1.6,,
11,Tu,2,2025,00:35,0.6,06:58,1.5,13:00,0.7,19:07,1.6
12,We,2,2025,01:32,0.5,07:54,1.6,13:58,0.7,20:02,1.6
13,Th,2,2025,02:23,0.5,08:43,1.6,14:48,0.7,20:52,1.6
14,Fr,2,2025,03:09,0.5,09:27,1.6,15:34,0.6,21:37,1.6
15,Sa,2,2025,03:50,0.5,10:07,1.7,16:16,0.6,22:20,1.6
16,Su,2,2025,04:29,0.5,10:44,1.7,16:55,0.6,23:00,1.6
17,Mo,2,2025,05:07,0.5,11:21,1.7,17:34,0.6,23:39,1.6
18,Tu,2,2025,05:43,0.6,11:56,1.7,18:12,0.6,,
19,We,2,2025,00:18,1.6,06:19,0.6,12:33,1.6,18:52,0.6
20,Th,2,2025,00:58,1.5,06:57,0.7,13:10,1.6,19:33,0.6
21,Fr,2,2025,01:41,1.5,07:37,0.7,13:51,1.6,20:18,0.7
22,Sa,2,2025,02:28,1.4,08:21,0.8,14:36,1.5,21:09,0.7
23,Su,2,2025,03:21,1.4,09:13,0.8,15:28,1.5,22:04,0.7
24,Mo,2,2025,04:21,1.4,10:13,0.8,16:27,1.5,23:04,0.7
25,Tu,2,2025,05:23,1.4,11:17,0.8,17:29,1.5,,
26,We,2,2025,00:02,0.6,06:23,1.5,12:20,0.7,18:29,1.6
27,Th,2,2025,00:58,0.6,07:18,1.6,13:19,0.7,19:26,1.6
28,Fr,2,2025,01:49,0.5,08:08,1.6,14:13,0.6,20:20,1.7
1,Sa,3,2025,02:38,0.4,08:56,1.7,15:04,0.5,21:10,1.7
2,Su,3,2025,03:25,0.4,09:42,1.8,15:53,0.4,22:00,1.8
3,Mo,3,2025,04:12,0.4,10:28,1.9,16:42,0.4,22:49,1.8
4,Tu,3,2025,04:59,0.4,11:15,1.9,17:30,0.4,23:39,1.8
5,We,3,2025,05:46,0.4,12:02,1.9,18:20,0.4,,
6,Th,3,2025,00:30,1.7,06:36,0.5,12:51,1.8,19:12,0.4
7,Fr,3,2025,01:24,1.7,07:28,0.6,13:43,1.7,20:07,0.5
8,Sa,3,2025,02:21,1.6,08:25,0.6,14:40,1.7,21:06,0.5
9,Su,3,2025,03:23,1.5,09:27,0.7,15:42,1.6,22:09,0.6
10,Mo,3,2025,04:30,1.5,10:35,0.7,16:48,1.5,23:15,0.6
11,Tu,3,2025,05:37,1.5,11:44,0.8,17:54,1.5,,
12,We,3,2025,00:17,0.6,06:39,1.5,12:46,0.7,18:54,1.5
13,Th,3,2025,01:13,0.6,07:32,1.5,13:40,0.7,19:47,1.6
14,Fr,3,2025,02:02,0.6,08:17,1.6,14:27,0.7,20:34,1.6
15,Sa,3,2025,02:45,0.6,08:58,1.6,15:09,0.6,21:16,1.6
16,Su,3,2025,03:24,0.6,09:35,1.6,15:48,0.6,21:56,1.6
17,Mo,3,2025,04:01,0.6,10:11,1.6,16:25,0.6,22:33,1.6
18,Tu,3,2025,04:37,0.6,10:46,1.7,17:02,0.6,23:10,1.6
19,We,3,2025,05:12,0.6,11:21,1.6,17:39,0.6,23:48,1.6
20,Th,3,2025,05:47,0.6,11:57,1.6,18:16,0.6,,
21,Fr,3,2025,00:26,1.5,06:25,0.7,12:34,1.6,18:56,0.6
22,Sa,3,2025,01:07,1.5,07:05,0.7,13:15,1.6,19:40,0.6
23,Su,3,2025,01:53,1.5,07:50,0.7,14:01,1.5,20:29,0.7
24,Mo,3,2025,02:44,1.4,08:42,0.8,14:54,1.5,21:24,0.7
25,Tu,3,2025,03:42,1.4,09:42,0.8,15:54,1.5,22:23,0.7
26,We,3,2025,04:44,1.5,10:47,0.7,16:58,1.5,23:24,0.6
27,Th,3,2025,05:44,1.5,11:51,0.7,18:01,1.6,,
28,Fr,3,2025,00:22,0.6,06:41,1.6,12:51,0.6,19:00,1.6
29,Sa,3,2025,01:17,0.5,07:34,1.7,13:46,0.5,19:56,1.7
30,Su,3,2025,02:09,0.5,08:24,1.8,14:38,0.4,20:49,1.8
31,Mo,3,2025,02:59,0.4,09:13,1.8,15:29,0.4,21:40,1.8
1,Tu,4,2025,03:48,0.4,10:01,1.9,16:18,0.3,22:30,1.8
2,We,4,2025,04:38,0.4,10:50,1.9,17:08,0.3,23:21,1.8
3,Th,4,2025,05:28,0.4,11:40,1.8,17:59,0.3,,
4,Fr,4,2025,00:13,1.7,06:19,0.5,12:31,1.8,18:51,0.4
5,Sa,4,2025,01:07,1.7,07:14,0.6,13:25,1.7,19:46,0.5
6,Su,4,2025,02:04,1.6,07:12,0.6,13:23,1.6,19:45,0.6
7,Mo,4,2025,02:05,1.6,08:15,0.7,14:26,1.5,20:48,0.6
8,Tu,4,2025,03:09,1.5,09:22,0.7,15:32,1.5,21:51,0.7
9,We,4,2025,04:12,1.5,10:26,0.7,16:37,1.5,22:51,0.7
10,Th,4,2025,05:09,1.5,11:24,0.7,17:34,1.5,23:45,0.7
11,Fr,4,2025,05:59,1.5,12:14,0.7,18:25,1.5,,
12,Sa,4,2025,00:32,0.7,06:43,1.5,12:59,0.6,19:10,1.6
13,Su,4,2025,01:14,0.7,07:23,1.6,13:39,0.6,19:50,1.6
14,Mo,4,2025,01:53,0.6,08:00,1.6,14:17,0.6,20:29,1.6
15,Tu,4,2025,02:30,0.6,08:36,1.6,14:54,0.6,21:07,1.6
16,We,4,2025,03:06,0.6,09:12,1.6,15:31,0.5,21:44,1.6
17,Th,4,2025,03:43,0.6,09:48,1.6,16:08,0.6,22:21,1.6
18,Fr,4,2025,04:20,0.7,10:25,1.6,16:46,0.6,23:00,1.5
19,Sa,4,2025,04:59,0.7,11:04,1.6,17:26,0.6,23:41,1.5
20,Su,4,2025,05:41,0.7,11:47,1.6,18:09,0.6,,
21,Mo,4,2025,00:26,1.5,06:27,0.7,12:34,1.5,18:57,0.6
22,Tu,4,2025,01:16,1.5,07:21,0.7,13:29,1.5,19:50,0.7
23,We,4,2025,02:11,1.5,08:20,0.7,14:29,1.5,20:48,0.6
24,Th,4,2025,03:09,1.5,09:22,0.7,15:32,1.5,21:48,0.6
25,Fr,4,2025,04:08,1.6,10:23,0.6,16:35,1.6,22:47,0.6
26,Sa,4,2025,05:05,1.7,11:22,0.5,17:35,1.6,23:45,0.5
27,Su,4,2025,06:00,1.7,12:18,0.4,18:32,1.7,,
28,Mo,4,2025,00:40,0.5,06:53,1.8,13:12,0.4,19:26,1.8
29,Tu,4,2025,01:33,0.5,07:45,1.8,14:04,0.3,20:19,1.8
30,We,4,2025,02:25,0.4,08:36,1.9,14:55,0.3,21:11,1.8
1,Th,5,2025,03:18,0.5,09:27,1.8,15:46,0.3,22:03,1.8
2,Fr,5,2025,04:10,0.5,10:19,1.8,16:38,0.4,22:56,1.7
3,Sa,5,2025,05:04,0.5,11:12,1.7,17:31,0.4,23:50,1.7
4,Su,5,2025,06:00,0.6,12:08,1.7,18:25,0.5,,
5,Mo,5,2025,00:46,1.6,06:58,0.6,13:06,1.6,19:22,0.6
6,Tu,5,2025,01:43,1.6,07:58,0.7,14:07,1.5,20:21,0.6
7,We,5,2025,02:41,1.5,08:59,0.7,15:10,1.5,21:19,0.7
8,Th,5,2025,03:37,1.5,09:58,0.7,16:10,1.5,22:16,0.7
9,Fr,5,2025,04:30,1.5,10:52,0.7,17:05,1.5,23:08,0.7
10,Sa,5,2025,05:18,1.5,11:40,0.7,17:55,1.5,23:55,0.7
11,Su,5,2025,06:02,1.5,12:24,0.6,18:39,1.5,,
12,Mo,5,2025,00:38,0.7,06:43,1.6,13:05,0.6,19:21,1.5
13,Tu,5,2025,01:19,0.7,07:23,1.6,13:45,0.6,20:01,1.6
14,We,5,2025,01:58,0.7,08:01,1.6,14:24,0.6,20:40,1.6
15,Th,5,2025,02:37,0.7,08:40,1.6,15:02,0.5,21:19,1.6
16,Fr,5,2025,03:16,0.7,09:19,1.6,15:41,0.5,21:58,1.6
17,Sa,5,2025,03:56,0.7,09:59,1.6,16:20,0.6,22:38,1.6
18,Su,5,2025,04:38,0.7,10:41,1.6,17:01,0.6,23:20,1.6
19,Mo,5,2025,05:22,0.7,11:26,1.6,17:44,0.6,,
20,Tu,5,2025,00:04,1.6,06:10,0.7,12:14,1.6,18:31,0.6
21,We,5,2025,00:52,1.6,07:03,0.7,13:08,1.5,19:22,0.6
22,Th,5,2025,01:44,1.6,07:59,0.6,14:06,1.5,20:18,0.6
23,Fr,5,2025,02:39,1.6,08:58,0.6,15:08,1.6,21:16,0.6
24,Sa,5,2025,03:35,1.7,09:57,0.5,16:10,1.6,22:16,0.6
25,Su,5,2025,04:33,1.7,10:56,0.5,17:10,1.6,23:15,0.6
26,Mo,5,2025,05:29,1.7,11:53,0.4,18:09,1.7,,
27,Tu,5,2025,00:13,0.5,06:25,1.8,12:48,0.4,19:05,1.7
28,We,5,2025,01:10,0.5,07:19,1.8,13:41,0.3,20:00,1.8
29,Th,5,2025,02:05,0.5,08:13,1.8,14:34,0.3,20:54,1.8
30,Fr,5,2025,03:00,0.5,09:07,1.8,15:26,0.3,21:46,1.8
31,Sa,5,2025,03:54,0.5,10:00,1.7,16:18,0.4,22:38,1.7
1,Su,6,2025,04:48,0.6,10:54,1.7,17:09,0.5,23:30,1.7
2,Mo,6,2025,05:42,0.6,11:48,1.6,18:01,0.5,,
3,Tu,6,2025,00:21,1.6,06:36,0.6,12:43,1.6,18:54,0.6
4,We,6,2025,01:12,1.6,07:31,0.7,13:40,1.5,19:46,0.7
5,Th,6,2025,02:04,1.6,08:26,0.7,14:37,1.5,20:40,0.7
6,Fr,6,2025,02:54,1.5,09:19,0.7,15:33,1.5,21:32,0.8
7,Sa,6,2025,03:44,1.5,10:11,0.7,16:27,1.5,22:23,0.8
8,Su,6,2025,04:32,1.5,11:00,0.7,17:18,1.5,23:12,0.8
9,Mo,6,2025,05:18,1.5,11:46,0.6,18:05,1.5,23:59,0.8
10,Tu,6,2025,06:03,1.5,12:31,0.6,18:50,1.5,,
11,We,6,2025,00:44,0.7,06:47,1.6,13:13,0.6,19:33,1.5
12,Th,6,2025,01:28,0.7,07:30,1.6,13:55,0.6,20:14,1.6
13,Fr,6,2025,02:11,0.7,08:12,1.6,14:36,0.5,20:55,1.6
14,Sa,6,2025,02:53,0.7,08:55,1.6,15:16,0.5,21:36,1.6
15,Su,6,2025,03:36,0.7,09:37,1.6,15:57,0.5,22:16,1.6
16,Mo,6,2025,04:20,0.6,10:22,1.6,16:38,0.5,22:58,1.6
17,Tu,6,2025,05:05,0.6,11:08,1.6,17:22,0.6,23:42,1.6
18,We,6,2025,05:53,0.6,11:57,1.6,18:08,0.6,,
19,Th,6,2025,00:28,1.7,06:44,0.6,12:49,1.6,18:58,0.6
20,Fr,6,2025,01:18,1.7,07:38,0.6,13:46,1.6,19:51,0.6
21,Sa,6,2025,02:11,1.7,08:34,0.5,14:45,1.6,20:49,0.6
22,Su,6,2025,03:07,1.7,09:33,0.5,15:47,1.6,21:50,0.6
23,Mo,6,2025,04:05,1.7,10:32,0.5,16:49,1.6,22:51,0.6
24,Tu,6,2025,05:04,1.7,11:30,0.4,17:50,1.6,23:53,0.6
25,We,6,2025,06:02,1.7,12:27,0.4,18:48,1.7,,
26,Th,6,2025,00:52,0.6,07:00,1.7,13:22,0.4,19:44,1.7
27,Fr,6,2025,01:50,0.6,07:55,1.7,14:16,0.4,20:37,1.7
28,Sa,6,2025,02:44,0.6,08:50,1.7,15:07,0.4,21:28,1.7
29,Su,6,2025,03:37,0.6,09:42,1.7,15:57,0.4,22:16,1.7
30,Mo,6,2025,04:28,0.6,10:34,1.7,16:45,0.5,23:04,1.7
1,Tu,7,2025,05:18,0.6,11:24,1.6,17:33,0.5,23:50,1.7
2,We,7,2025,06:07,0.6,12:14,1.6,18:20,0.6,,
3,Th,7,2025,00:35,1.6,06:56,0.6,13:05,1.5,19:07,0.7
4,Fr,7,2025,01:20,1.6,07:45,0.6,13:56,1.5,19:55,0.7
5,Sa,7,2025,02:07,1.5,08:35,0.7,14:49,1.4,20:44,0.8
6,Su,7,2025,02:54,1.5,09:25,0.7,15:43,1.4,21:35,0.8
7,Mo,7,2025,03:43,1.5,10:17,0.7,16:36,1.4,22:28,0.8
8,Tu,7,2025,04:34,1.5,11:07,0.6,17:28,1.4,23:20,0.8
9,We,7,2025,05:24,1.5,11:56,0.6,18:17,1.5,,
10,Th,7,2025,00:10,0.8,06:13,1.5,12:42,0.6,19:03,1.5
11,Fr,7,2025,00:59,0.7,07:01,1.6,13:27,0.6,19:47,1.6
12,Sa,7,2025,01:45,0.7,07:47,1.6,14:10,0.5,20:29,1.6
13,Su,7,2025,02:31,0.6,08:33,1.6,14:52,0.5,21:11,1.6
14,Mo,7,2025,03:15,0.6,09:18,1.6,15:33,0.5,21:52,1.7
15,Tu,7,2025,04:00,0.6,10:03,1.6,16:16,0.5,22:34,1.7
16,We,7,2025,04:46,0.5,10:50,1.6,17:00,0.5,23:18,1.7
17,Th,7,2025,05:33,0.5,11:39,1.6,17:46,0.5,,
18,Fr,7,2025,00:04,1.7,06:23,0.5,12:30,1.6,18:35,0.6
19,Sa,7,2025,00:53,1.7,07:15,0.5,13:26,1.6,19:29,0.6
20,Su,7,2025,01:46,1.7,08:11,0.5,14:25,1.6,20:27,0.6
21,Mo,7,2025,02:42,1.7,09:11,0.5,15:28,1.6,21:30,0.7
22,Tu,7,2025,03:43,1.7,10:12,0.5,16:32,1.6,22:35,0.7
23,We,7,2025,04:45,1.7,11:13,0.5,17:35,1.6,23:40,0.7
24,Th,7,2025,05:47,1.7,12:11,0.5,18:34,1.6,,
25,Fr,7,2025,00:41,0.6,06:47,1.7,13:07,0.5,19:29,1.7
26,Sa,7,2025,01:37,0.6,07:42,1.7,13:59,0.5,20:19,1.7
27,Su,7,2025,02:29,0.6,08:34,1.7,14:48,0.5,21:06,1.7
28,Mo,7,2025,03:18,0.6,09:24,1.7,15:34,0.5,21:50,1.7
29,Tu,7,2025,04:04,0.5,10:11,1.6,16:18,0.5,22:32,1.7
30,We,7,2025,04:48,0.6,10:56,1.6,17:00,0.6,23:13,1.7
31,Th,7,2025,05:32,0.6,11:41,1.6,17:42,0.6,23:54,1.6
1,Fr,8,2025,06:15,0.6,12:26,1.5,18:25,0.7,,
2,Sa,8,2025,00:35,1.6,07:00,0.6,13:13,1.5,19:09,0.7
3,Su,8,2025,01:18,1.5,07:47,0.7,14:03,1.4,19:56,0.8
4,Mo,8,2025,02:05,1.5,08:37,0.7,14:57,1.4,20:49,0.8
5,Tu,8,2025,02:56,1.5,09:31,0.7,15:53,1.4,21:45,0.8
6,We,8,2025,03:52,1.5,10:26,0.7,16:49,1.4,22:43,0.8
7,Th,8,2025,04:48,1.5,11:19,0.6,17:42,1.5,23:39,0.8
8,Fr,8,2025,05:43,1.5,12:10,0.6,18:31,1.5,,
9,Sa,8,2025,00:31,0.7,06:35,1.6,12:57,0.6,19:17,1.6
10,Su,8,2025,01:20,0.6,07:24,1.6,13:42,0.5,20:00,1.7
11,Mo,8,2025,02:07,0.6,08:11,1.7,14:25,0.5,20:43,1.7
12,Tu,8,2025,02:52,0.5,08:57,1.7,15:08,0.5,21:25,1.8
13,We,8,2025,03:37,0.5,09:44,1.7,15:52,0.5,22:08,1.8
14,Th,8,2025,04:23,0.4,10:31,1.7,16:37,0.5,22:53,1.8
15,Fr,8,2025,05:11,0.4,11:20,1.7,17:24,0.5,23:39,1.8
16,Sa,8,2025,06:00,0.4,12:12,1.7,18:15,0.6,,
17,Su,8,2025,00:29,1.7,06:53,0.5,13:08,1.6,19:10,0.6
18,Mo,8,2025,01:24,1.7,07:50,0.5,14:08,1.6,20:11,0.7
19,Tu,8,2025,02:23,1.6,08:51,0.5,15:13,1.6,21:17,0.7
20,We,8,2025,03:28,1.6,09:55,0.5,16:20,1.6,22:26,0.7
21,Th,8,2025,04:34,1.6,10:58,0.5,17:23,1.6,23:32,0.7
22,Fr,8,2025,05:39,1.6,11:58,0.5,18:21,1.6,,
23,Sa,8,2025,00:32,0.6,06:37,1.6,12:52,0.5,19:12,1.6
24,Su,8,2025,01:24,0.6,07:30,1.6,13:41,0.5,19:58,1.7
25,Mo,8,2025,02:12,0.6,08:18,1.6,14:26,0.5,20:40,1.7
26,Tu,8,2025,02:55,0.5,09:03,1.6,15:08,0.5,21:20,1.7
27,We,8,2025,03:36,0.5,09:45,1.6,15:48,0.6,21:58,1.7
28,Th,8,2025,04:15,0.5,10:26,1.6,16:26,0.6,22:35,1.7
29,Fr,8,2025,04:55,0.5,11:07,1.6,17:05,0.6,23:12,1.6
30,Sa,8,2025,05:34,0.6,11:48,1.5,17:44,0.7,23:51,1.6
31,Su,8,2025,06:16,0.6,12:32,1.5,18:27,0.7,,
1,Mo,9,2025,00:33,1.5,07:01,0.6,13:19,1.4,19:13,0.8
2,Tu,9,2025,01:20,1.5,07:50,0.7,14:12,1.4,20:07,0.8
3,We,9,2025,02:13,1.5,08:45,0.7,15:10,1.4,21:06,0.8
4,Th,9,2025,03:12,1.5,09:43,0.7,16:08,1.4,22:08,0.8
5,Fr,9,2025,04:13,1.5,10:40,0.7,17:04,1.5,23:08,0.7
6,Sa,9,2025,05:13,1.5,11:34,0.6,17:55,1.6,,
7,Su,9,2025,00:02,0.7,06:08,1.6,12:24,0.6,18:42,1.6
8,Mo,9,2025,00:53,0.6,06:59,1.6,13:11,0.5,19:28,1.7
9,Tu,9,2025,01:40,0.5,07:48,1.7,13:57,0.5,20:12,1.8
10,We,9,2025,02:27,0.4,08:35,1.7,14:42,0.4,20:56,1.8
11,Th,9,2025,03:13,0.4,09:23,1.8,15:28,0.4,21:41,1.9
12,Fr,9,2025,04:00,0.3,10:12,1.8,16:16,0.5,22:28,1.8
13,Sa,9,2025,04:48,0.3,11:02,1.7,17:05,0.5,23:17,1.8
14,Su,9,2025,05:39,0.4,11:55,1.7,17:58,0.6,,
15,Mo,9,2025,00:08,1.7,06:32,0.4,12:51,1.6,18:56,0.6
16,Tu,9,2025,01:05,1.7,07:30,0.5,13:53,1.6,20:00,0.7
17,We,9,2025,02:08,1.6,08:33,0.6,14:59,1.6,21:10,0.7
18,Th,9,2025,03:17,1.5,09:39,0.6,16:06,1.6,22:20,0.7
19,Fr,9,2025,04:26,1.5,10:43,0.6,17:08,1.6,23:24,0.7
20,Sa,9,2025,05:30,1.5,11:42,0.6,18:02,1.6,,
21,Su,9,2025,00:19,0.6,06:26,1.6,12:34,0.6,18:50,1.6
22,Mo,9,2025,01:07,0.6,07:15,1.6,13:20,0.6,19:32,1.6
23,Tu,9,2025,01:50,0.6,07:59,1.6,14:01,0.6,20:10,1.7
24,We,9,2025,02:29,0.5,08:40,1.6,14:40,0.6,20:47,1.7
25,Th,9,2025,03:06,0.5,09:19,1.6,15:17,0.6,21:23,1.7
26,Fr,9,2025,03:43,0.5,09:57,1.6,15:54,0.6,21:58,1.6
27,Sa,9,2025,04:20,0.5,10:35,1.6,16:31,0.7,22:35,1.6
28,Su,9,2025,05:58,0.6,12:15,1.5,18:10,0.7,,
29,Mo,9,2025,00:13,1.6,06:38,0.6,12:56,1.5,18:52,0.8
30,Tu,9,2025,00:54,1.5,07:21,0.6,13:42,1.5,19:38,0.8
1,We,10,2025,01:41,1.5,08:08,0.7,14:32,1.5,20:32,0.8
2,Th,10,2025,02:34,1.5,09:01,0.7,15:28,1.5,21:32,0.8
3,Fr,10,2025,03:35,1.5,09:59,0.7,16:26,1.5,22:35,0.8
4,Sa,10,2025,04:39,1.5,10:58,0.7,17:23,1.5,23:35,0.7
5,Su,10,2025,05:41,1.5,11:55,0.6,18:16,1.6,,
6,Mo,10,2025,00:31,0.6,06:39,1.6,12:48,0.6,19:06,1.7
7,Tu,10,2025,01:23,0.5,07:32,1.6,13:39,0.5,19:54,1.8
8,We,10,2025,02:13,0.4,08:24,1.7,14:28,0.5,20:42,1.8
9,Th,10,2025,03:01,0.3,09:14,1.8,15:17,0.4,21:29,1.9
10,Fr,10,2025,03:49,0.3,10:03,1.8,16:06,0.4,22:16,1.9
11,Sa,10,2025,04:38,0.3,10:53,1.8,16:56,0.5,23:05,1.8
12,Su,10,2025,05:27,0.3,11:45,1.8,17:49,0.5,23:56,1.8
13,Mo,10,2025,06:19,0.4,12:39,1.7,18:44,0.6,,
14,Tu,10,2025,00:51,1.7,07:13,0.4,13:36,1.7,19:44,0.6
15,We,10,2025,01:50,1.6,08:11,0.5,14:37,1.6,20:50,0.7
16,Th,10,2025,02:55,1.5,09:14,0.6,15:41,1.6,21:59,0.7
17,Fr,10,2025,04:04,1.5,10:18,0.6,16:45,1.6,23:06,0.7
18,Sa,10,2025,05:12,1.5,11:21,0.7,17:43,1.6,,
19,Su,10,2025,00:06,0.7,06:14,1.5,12:18,0.7,18:35,1.6
20,Mo,10,2025,00:58,0.6,07:08,1.5,13:08,0.7,19:20,1.6
21,Tu,10,2025,01:43,0.6,07:55,1.5,13:52,0.7,20:00,1.6
22,We,10,2025,02:23,0.5,08:37,1.6,14:32,0.7,20:38,1.6
23,Th,10,2025,03:01,0.5,09:16,1.6,15:11,0.7,21:14,1.6
24,Fr,10,2025,03:38,0.5,09:54,1.6,15:48,0.7,21:50,1.6
25,Sa,10,2025,04:14,0.5,10:31,1.6,16:25,0.7,22:26,1.6
26,Su,10,2025,04:51,0.5,11:09,1.6,17:03,0.7,23:03,1.6
27,Mo,10,2025,05:28,0.5,11:48,1.6,17:42,0.7,23:42,1.6
28,Tu,10,2025,06:06,0.6,12:28,1.5,18:25,0.7,,
29,We,10,2025,00:24,1.5,06:48,0.6,13:12,1.5,19:11,0.8
30,Th,10,2025,01:10,1.5,07:33,0.6,13:59,1.5,20:04,0.8
31,Fr,10,2025,02:03,1.5,08:23,0.7,14:51,1.5,21:01,0.7
1,Sa,11,2025,03:02,1.5,09:18,0.7,15:45,1.5,22:02,0.7
2,Su,11,2025,04:05,1.5,10:16,0.7,16:42,1.6,23:02,0.6
3,Mo,11,2025,05:08,1.5,11:15,0.6,17:37,1.7,,
4,Tu,11,2025,00:00,0.5,06:09,1.6,12:12,0.6,18:30,1.7
5,We,11,2025,00:54,0.5,07:06,1.6,13:08,0.5,19:22,1.8
6,Th,11,2025,01:46,0.4,08:00,1.7,14:01,0.5,20:13,1.8
7,Fr,11,2025,02:37,0.3,08:53,1.8,14:54,0.5,21:04,1.9
8,Sa,11,2025,03:27,0.3,09:45,1.8,15:47,0.5,21:55,1.9
9,Su,11,2025,04:18,0.3,10:37,1.8,16:40,0.5,22:46,1.8
10,Mo,11,2025,05:08,0.3,11:30,1.8,17:35,0.5,23:39,1.8
11,Tu,11,2025,06:00,0.4,12:23,1.7,18:31,0.6,,
12,We,11,2025,00:35,1.7,06:54,0.4,13:19,1.7,19:31,0.6
13,Th,11,2025,01:34,1.6,07:50,0.5,14:16,1.6,20:33,0.7
14,Fr,11,2025,02:36,1.5,08:49,0.6,15:15,1.6,21:37,0.7
15,Sa,11,2025,03:42,1.5,09:49,0.7,16:13,1.6,22:39,0.7
16,Su,11,2025,04:47,1.5,10:48,0.7,17:07,1.6,23:37,0.7
17,Mo,11,2025,05:47,1.5,11:43,0.7,17:58,1.6,,
18,Tu,11,2025,00:28,0.6,06:40,1.5,12:33,0.7,18:43,1.6
19,We,11,2025,01:13,0.6,07:28,1.5,13:19,0.7,19:25,1.6
20,Th,11,2025,01:54,0.6,08:11,1.5,14:01,0.7,20:05,1.6
21,Fr,11,2025,02:34,0.5,08:51,1.5,14:42,0.7,20:43,1.6
22,Sa,11,2025,03:11,0.5,09:30,1.6,15:21,0.7,21:22,1.6
23,Su,11,2025,03:49,0.5,10:09,1.6,16:01,0.7,22:00,1.6
24,Mo,11,2025,04:26,0.5,10:47,1.6,16:41,0.7,22:39,1.6
25,Tu,11,2025,05:03,0.5,11:25,1.6,17:21,0.7,23:19,1.6
26,We,11,2025,05:42,0.5,12:05,1.6,18:04,0.7,,
27,Th,11,2025,00:01,1.6,06:21,0.6,12:46,1.6,18:50,0.7
28,Fr,11,2025,00:47,1.5,07:04,0.6,13:30,1.6,19:39,0.7
29,Sa,11,2025,01:37,1.5,07:50,0.6,14:17,1.6,20:33,0.7
30,Su,11,2025,02:33,1.5,08:42,0.6,15:09,1.6,21:31,0.6
1,Mo,12,2025,03:34,1.5,09:38,0.6,16:03,1.7,22:29,0.6
2,Tu,12,2025,04:36,1.5,10:38,0.6,17:00,1.7,23:28,0.5
3,We,12,2025,05:39,1.6,11:39,0.6,17:57,1.7,,
4,Th,12,2025,00:26,0.4,06:40,1.6,12:39,0.6,18:53,1.8
5,Fr,12,2025,01:22,0.4,07:39,1.7,13:38,0.6,19:49,1.8
6,Sa,12,2025,02:16,0.3,08:35,1.7,14:35,0.5,20:43,1.8
7,Su,12,2025,03:08,0.3,09:29,1.8,15:31,0.5,21:37,1.8
8,Mo,12,2025,04:00,0.3,10:22,1.8,16:26,0.5,22:31,1.8
9,Tu,12,2025,04:51,0.3,11:14,1.8,17:21,0.5,23:24,1.7
10,We,12,2025,05:42,0.4,12:06,1.8,18:16,0.6,,
11,Th,12,2025,00:18,1.7,06:33,0.4,12:57,1.7,19:11,0.6
12,Fr,12,2025,01:14,1.6,07:25,0.5,13:48,1.7,20:07,0.6
13,Sa,12,2025,02:11,1.5,08:17,0.6,14:40,1.6,21:04,0.7
14,Su,12,2025,03:09,1.5,09:10,0.7,15:31,1.6,22:01,0.7
15,Mo,12,2025,04:09,1.4,10:04,0.7,16:23,1.6,22:56,0.7
16,Tu,12,2025,05:08,1.4,10:58,0.8,17:13,1.5,23:48,0.7
17,We,12,2025,06:04,1.4,11:51,0.8,18:01,1.5,,
18,Th,12,2025,00:37,0.6,06:55,1.4,12:41,0.8,18:48,1.6
19,Fr,12,2025,01:23,0.6,07:42,1.5,13:29,0.8,19:32,1.6
20,Sa,12,2025,02:06,0.6,08:26,1.5,14:14,0.8,20:15,1.6
21,Su,12,2025,02:46,0.5,09:07,1.5,14:57,0.7,20:57,1.6
22,Mo,12,2025,03:26,0.5,09:47,1.6,15:40,0.7,21:38,1.6
23,Tu,12,2025,04:04,0.5,10:25,1.6,16:21,0.7,22:19,1.6
24,We,12,2025,04:42,0.5,11:03,1.6,17:03,0.7,23:00,1.6
25,Th,12,2025,05:19,0.5,11:42,1.6,17:45,0.7,23:43,1.6
26,Fr,12,2025,05:58,0.5,12:21,1.7,18:29,0.6,,
27,Sa,12,2025,00:27,1.6,06:39,0.5,13:03,1.7,19:16,0.6
28,Su,12,2025,01:15,1.6,07:23,0.6,13:48,1.7,20:07,0.6
29,Mo,12,2025,02:08,1.5,08:12,0.6,14:37,1.7,21:01,0.6
30,Tu,12,2025,03:06,1.5,09:07,0.6,15:31,1.7,22:00,0.5
31,We,12,2025,04:08,1.5,10:07,0.6,16:29,1.7,23:00,0.5
