015,Flour Cask Bay,47°17'S,167°29'E                                          
Based on constituent set with reference date:,14-Feb-1999
Local Std or Daylight Time,Tidal heights in metres.
1,We,1,2025,02:17,2.6,08:13,0.9,14:28,2.6,20:33,0.7
2,Th,1,2025,03:01,2.7,08:56,0.8,15:12,2.6,21:17,0.6
3,Fr,1,2025,03:45,2.7,09:40,0.8,15:57,2.7,22:03,0.6
4,Sa,1,2025,04:30,2.7,10:26,0.8,16:44,2.6,22:51,0.7
5,Su,1,2025,05:18,2.6,11:16,0.8,17:36,2.6,23:44,0.7
6,Mo,1,2025,06:10,2.6,12:10,0.9,18:32,2.6,,
7,Tu,1,2025,00:40,0.8,07:05,2.5,13:09,0.9,19:33,2.5
8,We,1,2025,01:41,0.9,08:06,2.5,14:12,0.9,20:39,2.5
9,Th,1,2025,02:46,0.9,09:09,2.5,15:16,0.8,21:47,2.5
10,Fr,1,2025,03:50,0.9,10:13,2.5,16:20,0.8,22:52,2.6
11,Sa,1,2025,04:52,0.9,11:15,2.6,17:19,0.7,23:53,2.6
12,Su,1,2025,05:49,0.8,12:11,2.6,18:14,0.6,,
13,Mo,1,2025,00:48,2.7,06:41,0.8,13:02,2.7,19:05,0.6
14,Tu,1,2025,01:37,2.7,07:30,0.8,13:50,2.7,19:53,0.6
15,We,1,2025,02:23,2.7,08:16,0.7,14:34,2.7,20:38,0.6
16,Th,1,2025,03:05,2.7,08:59,0.8,15:16,2.7,21:21,0.6
17,Fr,1,2025,03:45,2.7,09:41,0.8,15:56,2.6,22:02,0.7
18,Sa,1,2025,04:23,2.6,10:23,0.9,16:36,2.6,22:43,0.8
19,Su,1,2025,05:02,2.5,11:04,0.9,17:16,2.5,23:25,0.9
20,Mo,1,2025,05:42,2.4,11:48,1.0,17:59,2.4,,
21,Tu,1,2025,00:10,1.0,06:25,2.4,12:34,1.1,18:47,2.3
22,We,1,2025,00:58,1.1,07:13,2.3,13:26,1.1,19:40,2.3
23,Th,1,2025,01:52,1.2,08:06,2.3,14:23,1.2,20:40,2.2
24,Fr,1,2025,02:51,1.2,09:05,2.2,15:22,1.1,21:43,2.3
25,Sa,1,2025,03:51,1.2,10:05,2.3,16:19,1.1,22:43,2.3
26,Su,1,2025,04:47,1.1,11:01,2.3,17:12,1.0,23:38,2.4
27,Mo,1,2025,05:38,1.0,11:53,2.4,18:00,0.8,,
28,Tu,1,2025,00:27,2.5,06:25,0.9,12:40,2.6,18:46,0.7
29,We,1,2025,01:13,2.6,07:09,0.8,13:25,2.7,19:30,0.6
30,Th,1,2025,01:56,2.7,07:52,0.7,14:08,2.8,20:13,0.5
31,Fr,1,2025,02:39,2.8,08:35,0.7,14:52,2.8,20:57,0.5
1,Sa,2,2025,03:23,2.8,09:18,0.6,15:37,2.8,21:42,0.5
2,Su,2,2025,04:07,2.8,10:04,0.6,16:24,2.8,22:30,0.6
3,Mo,2,2025,04:53,2.7,10:53,0.7,17:14,2.7,23:21,0.7
4,Tu,2,2025,05:44,2.6,11:46,0.7,18:10,2.6,,
5,We,2,2025,00:17,0.8,06:40,2.5,12:45,0.8,19:13,2.5
6,Th,2,2025,01:19,0.9,07:43,2.5,13:51,0.9,20:24,2.5
7,Fr,2,2025,02:28,1.0,08:53,2.4,15:01,0.9,21:38,2.5
8,Sa,2,2025,03:38,1.0,10:04,2.4,16:10,0.9,22:49,2.5
9,Su,2,2025,04:43,1.0,11:09,2.5,17:12,0.8,23:50,2.6
10,Mo,2,2025,05:41,0.9,12:05,2.6,18:06,0.7,,
11,Tu,2,2025,00:41,2.6,06:31,0.9,12:53,2.6,18:53,0.7
12,We,2,2025,01:24,2.7,07:15,0.8,13:35,2.7,19:36,0.6
13,Th,2,2025,02:03,2.7,07:55,0.8,14:13,2.7,20:15,0.6
14,Fr,2,2025,02:38,2.7,08:33,0.8,14:49,2.7,20:53,0.7
15,Sa,2,2025,03:12,2.7,09:10,0.8,15:23,2.7,21:29,0.7
16,Su,2,2025,03:45,2.6,09:46,0.8,15:58,2.6,22:05,0.8
17,Mo,2,2025,04:19,2.5,10:23,0.9,16:34,2.5,22:42,0.9
18,Tu,2,2025,04:55,2.5,11:01,1.0,17:14,2.4,23:22,1.0
19,We,2,2025,05:34,2.4,11:44,1.1,17:58,2.3,,
20,Th,2,2025,00:07,1.1,06:20,2.3,12:33,1.1,18:52,2.2
21,Fr,2,2025,01:01,1.2,07:16,2.2,13:32,1.2,19:56,2.2
22,Sa,2,2025,02:06,1.3,08:21,2.2,14:39,1.2,21:06,2.2
23,Su,2,2025,03:14,1.2,09:29,2.2,15:44,1.1,22:13,2.3
24,Mo,2,2025,04:16,1.2,10:31,2.3,16:42,1.0,23:10,2.4
25,Tu,2,2025,05:10,1.0,11:26,2.5,17:33,0.8,,
26,We,2,2025,00:00,2.6,05:58,0.9,12:14,2.6,18:20,0.6
27,Th,2,2025,00:46,2.7,06:43,0.7,13:00,2.8,19:05,0.5
28,Fr,2,2025,01:30,2.8,07:26,0.6,13:45,2.9,19:49,0.4
1,Sa,3,2025,02:13,2.9,08:10,0.5,14:29,3.0,20:34,0.4
2,Su,3,2025,02:56,2.9,08:55,0.5,15:15,3.0,21:20,0.4
3,Mo,3,2025,03:41,2.9,09:41,0.5,16:03,2.9,22:08,0.5
4,Tu,3,2025,04:28,2.8,10:31,0.6,16:55,2.8,23:00,0.7
5,We,3,2025,05:20,2.7,11:25,0.7,17:52,2.7,23:57,0.8
6,Th,3,2025,06:19,2.5,12:26,0.8,18:59,2.5,,
7,Fr,3,2025,01:02,1.0,07:26,2.4,13:35,0.9,20:14,2.4
8,Sa,3,2025,02:15,1.1,08:41,2.4,14:50,0.9,21:32,2.4
9,Su,3,2025,03:28,1.1,09:56,2.4,16:00,0.9,22:42,2.5
10,Mo,3,2025,04:34,1.0,11:00,2.5,17:01,0.8,23:38,2.5
11,Tu,3,2025,05:28,0.9,11:52,2.5,17:51,0.8,,
12,We,3,2025,00:23,2.6,06:13,0.9,12:35,2.6,18:34,0.7
13,Th,3,2025,01:01,2.6,06:53,0.8,13:12,2.7,19:12,0.7
14,Fr,3,2025,01:35,2.7,07:29,0.8,13:46,2.7,19:48,0.7
15,Sa,3,2025,02:06,2.7,08:04,0.8,14:18,2.7,20:22,0.7
16,Su,3,2025,02:37,2.6,08:38,0.8,14:50,2.6,20:55,0.8
17,Mo,3,2025,03:08,2.6,09:11,0.8,15:24,2.6,21:29,0.8
18,Tu,3,2025,03:40,2.5,09:46,0.9,15:59,2.5,22:04,0.9
19,We,3,2025,04:15,2.5,10:22,0.9,16:37,2.4,22:42,1.0
20,Th,3,2025,04:53,2.4,11:02,1.0,17:21,2.3,23:26,1.1
21,Fr,3,2025,05:38,2.3,11:51,1.1,18:15,2.2,,
22,Sa,3,2025,00:20,1.2,06:35,2.2,12:51,1.2,19:22,2.2
23,Su,3,2025,01:27,1.3,07:44,2.2,14:00,1.2,20:34,2.2
24,Mo,3,2025,02:38,1.2,08:55,2.2,15:09,1.1,21:41,2.3
25,Tu,3,2025,03:42,1.1,09:59,2.4,16:09,0.9,22:38,2.5
26,We,3,2025,04:38,1.0,10:55,2.5,17:03,0.8,23:29,2.6
27,Th,3,2025,05:27,0.8,11:45,2.7,17:51,0.6,,
28,Fr,3,2025,00:15,2.8,06:14,0.6,12:33,2.9,18:38,0.5
29,Sa,3,2025,01:00,2.9,06:59,0.5,13:19,3.0,19:24,0.4
30,Su,3,2025,01:45,3.0,07:45,0.4,14:06,3.0,20:11,0.4
31,Mo,3,2025,02:30,3.0,08:32,0.4,14:54,3.0,20:58,0.4
1,Tu,4,2025,03:17,2.9,09:20,0.4,15:44,2.9,21:48,0.5
2,We,4,2025,04:07,2.8,10:11,0.5,16:38,2.8,22:41,0.7
3,Th,4,2025,05:01,2.7,11:08,0.7,17:39,2.7,23:40,0.9
4,Fr,4,2025,06:02,2.5,12:10,0.8,18:46,2.5,,
5,Sa,4,2025,00:47,1.0,07:11,2.4,13:20,0.9,20:01,2.4
6,Su,4,2025,02:00,1.1,07:26,2.4,13:34,0.9,20:15,2.4
7,Mo,4,2025,02:11,1.1,08:37,2.4,14:42,0.9,21:20,2.5
8,Tu,4,2025,03:13,1.0,09:38,2.5,15:39,0.9,22:12,2.5
9,We,4,2025,04:04,1.0,10:27,2.5,16:26,0.8,22:54,2.5
10,Th,4,2025,04:47,0.9,11:07,2.6,17:06,0.8,23:29,2.6
11,Fr,4,2025,05:24,0.8,11:43,2.6,17:43,0.8,,
12,Sa,4,2025,00:01,2.6,05:59,0.8,12:16,2.6,18:17,0.8
13,Su,4,2025,00:32,2.6,06:33,0.8,12:48,2.6,18:51,0.8
14,Mo,4,2025,01:03,2.6,07:07,0.8,13:21,2.6,19:24,0.8
15,Tu,4,2025,01:35,2.6,07:40,0.8,13:55,2.6,19:59,0.9
16,We,4,2025,02:08,2.5,08:15,0.9,14:32,2.5,20:35,1.0
17,Th,4,2025,02:44,2.4,08:52,0.9,15:12,2.4,21:14,1.1
18,Fr,4,2025,03:24,2.4,09:33,1.0,15:57,2.3,21:58,1.1
19,Sa,4,2025,04:10,2.3,10:22,1.1,16:52,2.3,22:52,1.2
20,Su,4,2025,05:07,2.2,11:20,1.1,17:55,2.3,23:56,1.2
21,Mo,4,2025,06:13,2.2,12:27,1.1,19:02,2.3,,
22,Tu,4,2025,01:03,1.2,07:21,2.3,13:34,1.0,20:05,2.4
23,We,4,2025,02:06,1.1,08:25,2.4,14:35,0.9,21:02,2.5
24,Th,4,2025,03:03,0.9,09:22,2.6,15:30,0.7,21:55,2.6
25,Fr,4,2025,03:56,0.7,10:15,2.7,16:22,0.6,22:44,2.8
26,Sa,4,2025,04:45,0.6,11:06,2.9,17:11,0.5,23:32,2.9
27,Su,4,2025,05:34,0.4,11:56,3.0,18:00,0.4,,
28,Mo,4,2025,00:19,2.9,06:22,0.4,12:46,3.0,18:49,0.4
29,Tu,4,2025,01:07,2.9,07:11,0.4,13:36,3.0,19:39,0.5
30,We,4,2025,01:57,2.9,08:02,0.4,14:29,2.9,20:30,0.6
1,Th,5,2025,02:49,2.8,08:55,0.5,15:25,2.8,21:25,0.7
2,Fr,5,2025,03:45,2.7,09:52,0.6,16:25,2.7,22:24,0.9
3,Sa,5,2025,04:45,2.6,10:53,0.8,17:29,2.5,23:28,1.0
4,Su,5,2025,05:51,2.5,11:59,0.9,18:36,2.5,,
5,Mo,5,2025,00:35,1.0,06:58,2.4,13:06,0.9,19:42,2.4
6,Tu,5,2025,01:40,1.1,08:03,2.4,14:09,0.9,20:41,2.4
7,We,5,2025,02:39,1.0,09:01,2.4,15:04,0.9,21:31,2.4
8,Th,5,2025,03:29,1.0,09:50,2.5,15:51,0.9,22:14,2.5
9,Fr,5,2025,04:12,0.9,10:31,2.5,16:32,0.9,22:51,2.5
10,Sa,5,2025,04:51,0.9,11:09,2.5,17:10,0.9,23:25,2.5
11,Su,5,2025,05:28,0.8,11:45,2.5,17:47,0.9,23:59,2.5
12,Mo,5,2025,06:04,0.8,12:20,2.6,18:22,0.9,,
13,Tu,5,2025,00:33,2.5,06:39,0.8,12:57,2.5,18:58,0.9
14,We,5,2025,01:09,2.5,07:15,0.8,13:34,2.5,19:35,0.9
15,Th,5,2025,01:46,2.5,07:52,0.9,14:14,2.5,20:13,1.0
16,Fr,5,2025,02:24,2.4,08:31,0.9,14:56,2.4,20:54,1.1
17,Sa,5,2025,03:06,2.4,09:14,0.9,15:42,2.4,21:39,1.1
18,Su,5,2025,03:52,2.3,10:02,1.0,16:33,2.4,22:30,1.1
19,Mo,5,2025,04:46,2.3,10:57,1.0,17:29,2.3,23:28,1.1
20,Tu,5,2025,05:45,2.3,11:57,1.0,18:28,2.4,,
21,We,5,2025,00:29,1.1,06:48,2.4,13:00,0.9,19:28,2.4
22,Th,5,2025,01:31,1.0,07:51,2.5,14:01,0.9,20:26,2.5
23,Fr,5,2025,02:30,0.9,08:51,2.6,14:59,0.8,21:22,2.6
24,Sa,5,2025,03:26,0.7,09:48,2.7,15:55,0.7,22:15,2.7
25,Su,5,2025,04:19,0.6,10:44,2.8,16:48,0.6,23:07,2.8
26,Mo,5,2025,05:12,0.5,11:37,2.9,17:40,0.5,23:59,2.9
27,Tu,5,2025,06:04,0.4,12:31,2.9,18:31,0.5,,
28,We,5,2025,00:50,2.9,06:55,0.4,13:24,2.9,19:23,0.6
29,Th,5,2025,01:42,2.8,07:47,0.4,14:17,2.9,20:15,0.6
30,Fr,5,2025,02:34,2.8,08:40,0.5,15:11,2.8,21:08,0.7
31,Sa,5,2025,03:28,2.7,09:35,0.6,16:06,2.7,22:03,0.8
1,Su,6,2025,04:23,2.6,10:31,0.7,17:02,2.6,23:00,0.9
2,Mo,6,2025,05:20,2.5,11:28,0.8,17:59,2.5,23:59,1.0
3,Tu,6,2025,06:18,2.4,12:27,0.9,18:55,2.4,,
4,We,6,2025,00:57,1.0,07:16,2.4,13:24,1.0,19:49,2.4
5,Th,6,2025,01:53,1.1,08:11,2.4,14:18,1.0,20:39,2.4
6,Fr,6,2025,02:45,1.0,09:03,2.4,15:08,1.0,21:26,2.4
7,Sa,6,2025,03:32,1.0,09:50,2.4,15:54,1.0,22:09,2.4
8,Su,6,2025,04:16,1.0,10:34,2.4,16:37,1.0,22:50,2.4
9,Mo,6,2025,04:57,0.9,11:16,2.5,17:18,1.0,23:30,2.5
10,Tu,6,2025,05:37,0.9,11:57,2.5,17:58,1.0,,
11,We,6,2025,00:09,2.5,06:16,0.8,12:38,2.5,18:37,0.9
12,Th,6,2025,00:49,2.5,06:55,0.8,13:19,2.5,19:16,1.0
13,Fr,6,2025,01:29,2.5,07:34,0.8,14:00,2.5,19:56,1.0
14,Sa,6,2025,02:09,2.5,08:15,0.8,14:42,2.5,20:38,1.0
15,Su,6,2025,02:51,2.5,08:58,0.8,15:26,2.5,21:21,1.0
16,Mo,6,2025,03:36,2.5,09:43,0.8,16:12,2.5,22:08,1.0
17,Tu,6,2025,04:25,2.5,10:34,0.9,17:02,2.5,23:00,1.0
18,We,6,2025,05:19,2.5,11:29,0.9,17:56,2.5,23:57,1.0
19,Th,6,2025,06:17,2.5,12:28,0.9,18:53,2.5,,
20,Fr,6,2025,00:58,0.9,07:20,2.5,13:30,0.9,19:53,2.5
21,Sa,6,2025,02:00,0.9,08:24,2.6,14:32,0.8,20:54,2.6
22,Su,6,2025,03:01,0.8,09:28,2.6,15:33,0.8,21:53,2.6
23,Mo,6,2025,04:00,0.7,10:29,2.7,16:30,0.7,22:51,2.7
24,Tu,6,2025,04:56,0.6,11:27,2.8,17:25,0.7,23:45,2.8
25,We,6,2025,05:51,0.5,12:21,2.8,18:18,0.6,,
26,Th,6,2025,00:38,2.8,06:43,0.5,13:14,2.8,19:09,0.6
27,Fr,6,2025,01:29,2.8,07:34,0.5,14:04,2.8,19:59,0.7
28,Sa,6,2025,02:18,2.8,08:23,0.5,14:52,2.8,20:48,0.7
29,Su,6,2025,03:06,2.7,09:12,0.6,15:40,2.7,21:37,0.8
30,Mo,6,2025,03:54,2.6,10:01,0.7,16:26,2.6,22:26,0.9
1,Tu,7,2025,04:42,2.5,10:50,0.8,17:13,2.5,23:15,1.0
2,We,7,2025,05:31,2.5,11:40,0.9,18:00,2.4,,
3,Th,7,2025,00:07,1.0,06:22,2.4,12:32,1.0,18:50,2.3
4,Fr,7,2025,01:00,1.1,07:15,2.3,13:26,1.1,19:42,2.3
5,Sa,7,2025,01:55,1.1,08:11,2.3,14:21,1.1,20:34,2.3
6,Su,7,2025,02:49,1.1,09:06,2.3,15:14,1.1,21:27,2.3
7,Mo,7,2025,03:40,1.0,10:00,2.3,16:04,1.1,22:17,2.4
8,Tu,7,2025,04:28,1.0,10:49,2.4,16:51,1.1,23:04,2.4
9,We,7,2025,05:12,0.9,11:36,2.5,17:35,1.0,23:48,2.5
10,Th,7,2025,05:54,0.8,12:19,2.5,18:17,0.9,,
11,Fr,7,2025,00:30,2.5,06:35,0.8,13:01,2.6,18:57,0.9
12,Sa,7,2025,01:11,2.6,07:16,0.7,13:42,2.6,19:37,0.9
13,Su,7,2025,01:52,2.6,07:56,0.7,14:23,2.6,20:18,0.8
14,Mo,7,2025,02:33,2.6,08:38,0.7,15:04,2.6,21:00,0.8
15,Tu,7,2025,03:16,2.6,09:23,0.7,15:48,2.6,21:45,0.8
16,We,7,2025,04:03,2.6,10:10,0.7,16:34,2.6,22:34,0.9
17,Th,7,2025,04:54,2.6,11:03,0.8,17:26,2.5,23:29,0.9
18,Fr,7,2025,05:52,2.5,12:01,0.9,18:24,2.5,,
19,Sa,7,2025,00:31,0.9,06:57,2.5,13:05,0.9,19:28,2.5
20,Su,7,2025,01:37,0.9,08:07,2.5,14:12,0.9,20:35,2.5
21,Mo,7,2025,02:44,0.8,09:17,2.5,15:18,0.9,21:41,2.5
22,Tu,7,2025,03:48,0.7,10:23,2.6,16:20,0.9,22:42,2.6
23,We,7,2025,04:47,0.7,11:22,2.7,17:16,0.8,23:38,2.7
24,Th,7,2025,05:41,0.6,12:14,2.8,18:07,0.7,,
25,Fr,7,2025,00:28,2.8,06:31,0.5,13:01,2.8,18:54,0.7
26,Sa,7,2025,01:14,2.8,07:17,0.5,13:45,2.8,19:39,0.7
27,Su,7,2025,01:58,2.8,08:01,0.5,14:27,2.8,20:22,0.7
28,Mo,7,2025,02:39,2.7,08:44,0.6,15:06,2.7,21:05,0.8
29,Tu,7,2025,03:20,2.7,09:26,0.7,15:45,2.6,21:47,0.8
30,We,7,2025,04:01,2.6,10:08,0.8,16:25,2.5,22:30,0.9
31,Th,7,2025,04:43,2.5,10:52,1.0,17:06,2.4,23:16,1.0
1,Fr,8,2025,05:29,2.4,11:39,1.1,17:52,2.3,,
2,Sa,8,2025,00:06,1.1,06:21,2.3,12:33,1.2,18:45,2.2
3,Su,8,2025,01:03,1.2,07:20,2.2,13:32,1.2,19:45,2.2
4,Mo,8,2025,02:04,1.2,08:25,2.2,14:35,1.2,20:47,2.2
5,Tu,8,2025,03:04,1.1,09:27,2.3,15:33,1.2,21:45,2.3
6,We,8,2025,03:58,1.0,10:23,2.4,16:24,1.1,22:37,2.4
7,Th,8,2025,04:46,0.9,11:12,2.5,17:10,1.0,23:24,2.5
8,Fr,8,2025,05:30,0.8,11:56,2.6,17:52,0.9,,
9,Sa,8,2025,00:07,2.6,06:12,0.7,12:37,2.7,18:33,0.8
10,Su,8,2025,00:48,2.7,06:53,0.6,13:17,2.7,19:13,0.7
11,Mo,8,2025,01:29,2.8,07:34,0.5,13:58,2.8,19:54,0.7
12,Tu,8,2025,02:11,2.8,08:16,0.5,14:39,2.8,20:36,0.6
13,We,8,2025,02:55,2.8,09:00,0.6,15:22,2.7,21:21,0.7
14,Th,8,2025,03:42,2.7,09:48,0.7,16:09,2.6,22:11,0.7
15,Fr,8,2025,04:34,2.6,10:41,0.8,17:01,2.5,23:07,0.8
16,Sa,8,2025,05:34,2.5,11:40,0.9,18:02,2.5,,
17,Su,8,2025,00:11,0.9,06:43,2.5,12:48,1.0,19:12,2.4
18,Mo,8,2025,01:22,0.9,07:59,2.4,14:01,1.0,20:26,2.4
19,Tu,8,2025,02:35,0.9,09:14,2.5,15:11,1.0,21:37,2.5
20,We,8,2025,03:41,0.8,10:20,2.6,16:12,0.9,22:37,2.6
21,Th,8,2025,04:39,0.7,11:15,2.6,17:06,0.8,23:29,2.7
22,Fr,8,2025,05:30,0.6,12:01,2.7,17:52,0.7,,
23,Sa,8,2025,00:14,2.7,06:15,0.6,12:43,2.8,18:35,0.7
24,Su,8,2025,00:54,2.8,06:56,0.6,13:20,2.8,19:15,0.7
25,Mo,8,2025,01:32,2.8,07:35,0.6,13:55,2.7,19:53,0.7
26,Tu,8,2025,02:08,2.7,08:13,0.7,14:29,2.7,20:30,0.7
27,We,8,2025,02:44,2.7,08:50,0.7,15:03,2.6,21:07,0.8
28,Th,8,2025,03:20,2.6,09:27,0.9,15:39,2.5,21:46,0.9
29,Fr,8,2025,03:59,2.5,10:07,1.0,16:18,2.4,22:28,1.0
30,Sa,8,2025,04:42,2.3,10:51,1.1,17:02,2.3,23:16,1.1
31,Su,8,2025,05:34,2.3,11:44,1.2,17:56,2.2,,
1,Mo,9,2025,00:14,1.2,06:36,2.2,12:47,1.3,19:00,2.2
2,Tu,9,2025,01:20,1.2,07:46,2.2,13:55,1.3,20:09,2.2
3,We,9,2025,02:26,1.1,08:54,2.3,14:59,1.2,21:12,2.3
4,Th,9,2025,03:24,1.0,09:52,2.4,15:53,1.1,22:07,2.4
5,Fr,9,2025,04:15,0.9,10:41,2.5,16:39,0.9,22:54,2.6
6,Sa,9,2025,05:00,0.7,11:25,2.6,17:22,0.8,23:38,2.7
7,Su,9,2025,05:44,0.6,12:07,2.8,18:04,0.7,,
8,Mo,9,2025,00:21,2.8,06:26,0.5,12:48,2.8,18:46,0.6
9,Tu,9,2025,01:04,2.9,07:09,0.4,13:30,2.9,19:28,0.5
10,We,9,2025,01:48,2.9,07:53,0.5,14:12,2.9,20:13,0.5
11,Th,9,2025,02:34,2.9,08:39,0.5,14:58,2.8,21:00,0.6
12,Fr,9,2025,03:23,2.8,09:28,0.6,15:47,2.7,21:52,0.7
13,Sa,9,2025,04:19,2.7,10:23,0.8,16:43,2.6,22:51,0.8
14,Su,9,2025,05:22,2.6,11:26,0.9,17:49,2.5,23:58,0.9
15,Mo,9,2025,06:36,2.5,12:37,1.0,19:03,2.4,,
16,Tu,9,2025,01:12,0.9,07:54,2.4,13:52,1.1,20:20,2.4
17,We,9,2025,02:26,0.9,09:08,2.5,15:02,1.0,21:28,2.5
18,Th,9,2025,03:31,0.8,10:09,2.5,16:00,0.9,22:25,2.6
19,Fr,9,2025,04:25,0.7,10:58,2.6,16:49,0.8,23:12,2.6
20,Sa,9,2025,05:11,0.7,11:40,2.7,17:32,0.8,23:53,2.7
21,Su,9,2025,05:52,0.6,12:16,2.7,18:10,0.7,,
22,Mo,9,2025,00:29,2.7,06:30,0.6,12:49,2.7,18:46,0.7
23,Tu,9,2025,01:03,2.7,07:05,0.7,13:21,2.7,19:22,0.7
24,We,9,2025,01:37,2.7,07:40,0.7,13:53,2.6,19:56,0.8
25,Th,9,2025,02:10,2.6,08:15,0.8,14:25,2.6,20:32,0.8
26,Fr,9,2025,02:45,2.5,08:51,0.9,15:00,2.5,21:09,0.9
27,Sa,9,2025,03:24,2.4,09:29,1.0,15:38,2.4,21:49,1.0
28,Su,9,2025,05:07,2.3,11:12,1.1,17:23,2.3,23:36,1.1
29,Mo,9,2025,05:59,2.3,12:04,1.2,18:17,2.2,,
30,Tu,9,2025,00:32,1.2,07:01,2.2,13:07,1.3,19:22,2.2
1,We,10,2025,01:39,1.2,08:10,2.2,14:15,1.3,20:31,2.2
2,Th,10,2025,02:46,1.1,09:16,2.3,15:20,1.2,21:35,2.3
3,Fr,10,2025,03:46,1.0,10:14,2.4,16:15,1.1,22:31,2.4
4,Sa,10,2025,04:39,0.9,11:04,2.5,17:04,0.9,23:21,2.6
5,Su,10,2025,05:27,0.7,11:50,2.7,17:49,0.7,,
6,Mo,10,2025,00:07,2.8,06:13,0.6,12:34,2.8,18:34,0.6
7,Tu,10,2025,00:53,2.9,06:58,0.5,13:18,2.9,19:19,0.5
8,We,10,2025,01:39,3.0,07:44,0.4,14:03,2.9,20:05,0.4
9,Th,10,2025,02:27,3.0,08:31,0.4,14:49,2.9,20:52,0.4
10,Fr,10,2025,03:16,2.9,09:20,0.5,15:38,2.8,21:43,0.5
11,Sa,10,2025,04:10,2.8,10:12,0.7,16:31,2.7,22:38,0.6
12,Su,10,2025,05:08,2.7,11:10,0.8,17:31,2.6,23:38,0.7
13,Mo,10,2025,06:14,2.6,12:14,0.9,18:38,2.5,,
14,Tu,10,2025,00:46,0.8,07:26,2.5,13:24,1.0,19:51,2.4
15,We,10,2025,01:59,0.9,08:39,2.5,14:37,1.0,21:03,2.4
16,Th,10,2025,03:09,0.9,09:47,2.5,15:42,1.0,22:07,2.5
17,Fr,10,2025,04:10,0.8,10:44,2.5,16:37,0.9,23:01,2.5
18,Sa,10,2025,05:01,0.8,11:30,2.6,17:24,0.9,23:46,2.6
19,Su,10,2025,05:45,0.8,12:10,2.6,18:04,0.8,,
20,Mo,10,2025,00:25,2.6,06:24,0.8,12:44,2.6,18:42,0.8
21,Tu,10,2025,01:01,2.6,07:01,0.8,13:17,2.6,19:17,0.8
22,We,10,2025,01:34,2.6,07:36,0.8,13:48,2.6,19:52,0.8
23,Th,10,2025,02:08,2.6,08:10,0.8,14:21,2.6,20:27,0.8
24,Fr,10,2025,02:42,2.6,08:46,0.9,14:55,2.5,21:03,0.8
25,Sa,10,2025,03:19,2.5,09:22,1.0,15:31,2.4,21:40,0.9
26,Su,10,2025,03:59,2.4,10:01,1.1,16:10,2.4,22:20,1.0
27,Mo,10,2025,04:43,2.4,10:44,1.1,16:55,2.3,23:06,1.0
28,Tu,10,2025,05:34,2.3,11:34,1.2,17:47,2.2,,
29,We,10,2025,00:00,1.1,06:31,2.3,12:32,1.2,18:48,2.2
30,Th,10,2025,01:01,1.1,07:34,2.3,13:35,1.2,19:52,2.3
31,Fr,10,2025,02:05,1.1,08:35,2.3,14:37,1.1,20:55,2.4
1,Sa,11,2025,03:06,1.0,09:32,2.4,15:34,1.0,21:52,2.5
2,Su,11,2025,04:01,0.8,10:25,2.5,16:27,0.8,22:46,2.6
3,Mo,11,2025,04:53,0.7,11:15,2.7,17:17,0.7,23:38,2.8
4,Tu,11,2025,05:43,0.6,12:03,2.8,18:06,0.5,,
5,We,11,2025,00:28,2.9,06:33,0.5,12:51,2.9,18:55,0.4
6,Th,11,2025,01:19,3.0,07:22,0.5,13:40,2.9,19:45,0.4
7,Fr,11,2025,02:10,3.0,08:12,0.5,14:30,2.9,20:36,0.4
8,Sa,11,2025,03:03,2.9,09:04,0.6,15:23,2.8,21:29,0.4
9,Su,11,2025,03:59,2.8,09:58,0.7,16:18,2.7,22:25,0.6
10,Mo,11,2025,04:58,2.7,10:56,0.8,17:18,2.6,23:25,0.7
11,Tu,11,2025,06:00,2.6,11:58,0.9,18:21,2.6,,
12,We,11,2025,00:28,0.8,07:05,2.5,13:03,1.0,19:27,2.5
13,Th,11,2025,01:34,0.9,08:10,2.5,14:08,1.0,20:32,2.5
14,Fr,11,2025,02:38,0.9,09:11,2.5,15:09,1.0,21:33,2.5
15,Sa,11,2025,03:36,0.9,10:05,2.5,16:03,1.0,22:26,2.5
16,Su,11,2025,04:27,0.9,10:52,2.5,16:50,0.9,23:13,2.5
17,Mo,11,2025,05:12,0.9,11:33,2.5,17:33,0.9,23:54,2.5
18,Tu,11,2025,05:53,0.9,12:10,2.5,18:12,0.8,,
19,We,11,2025,00:31,2.5,06:31,0.9,12:45,2.5,18:49,0.8
20,Th,11,2025,01:08,2.5,07:09,0.9,13:20,2.5,19:26,0.8
21,Fr,11,2025,01:45,2.5,07:46,0.9,13:56,2.5,20:03,0.8
22,Sa,11,2025,02:22,2.5,08:23,1.0,14:33,2.5,20:40,0.9
23,Su,11,2025,03:01,2.5,09:01,1.0,15:11,2.4,21:19,0.9
24,Mo,11,2025,03:42,2.5,09:41,1.0,15:51,2.4,21:59,0.9
25,Tu,11,2025,04:25,2.4,10:23,1.1,16:35,2.4,22:43,1.0
26,We,11,2025,05:12,2.4,11:09,1.1,17:23,2.3,23:32,1.0
27,Th,11,2025,06:02,2.4,12:00,1.1,18:16,2.3,,
28,Fr,11,2025,00:27,1.0,06:56,2.4,12:57,1.1,19:14,2.4
29,Sa,11,2025,01:25,1.0,07:53,2.4,13:56,1.1,20:15,2.4
30,Su,11,2025,02:26,0.9,08:51,2.4,14:55,1.0,21:16,2.5
1,Mo,12,2025,03:25,0.9,09:47,2.5,15:53,0.8,22:15,2.6
2,Tu,12,2025,04:23,0.8,10:43,2.6,16:49,0.7,23:13,2.7
3,We,12,2025,05:18,0.7,11:37,2.7,17:43,0.6,,
4,Th,12,2025,00:09,2.8,06:12,0.6,12:30,2.8,18:36,0.5
5,Fr,12,2025,01:04,2.9,07:05,0.6,13:24,2.9,19:29,0.4
6,Sa,12,2025,01:58,2.9,07:57,0.6,14:17,2.9,20:22,0.4
7,Su,12,2025,02:53,2.9,08:50,0.6,15:10,2.8,21:16,0.4
8,Mo,12,2025,03:47,2.9,09:44,0.6,16:04,2.8,22:10,0.5
9,Tu,12,2025,04:41,2.8,10:38,0.7,16:59,2.7,23:05,0.6
10,We,12,2025,05:36,2.7,11:34,0.8,17:55,2.6,,
11,Th,12,2025,00:02,0.7,06:32,2.6,12:31,0.9,18:52,2.5
12,Fr,12,2025,00:59,0.8,07:28,2.5,13:29,1.0,19:50,2.5
13,Sa,12,2025,01:57,0.9,08:23,2.4,14:26,1.0,20:47,2.4
14,Su,12,2025,02:53,1.0,09:16,2.4,15:21,1.0,21:42,2.4
15,Mo,12,2025,03:46,1.0,10:06,2.4,16:12,1.0,22:33,2.4
16,Tu,12,2025,04:36,1.0,10:52,2.4,16:59,1.0,23:20,2.4
17,We,12,2025,05:21,1.0,11:35,2.4,17:43,0.9,,
18,Th,12,2025,00:04,2.4,06:04,1.0,12:17,2.4,18:24,0.9
19,Fr,12,2025,00:45,2.5,06:45,1.0,12:57,2.5,19:04,0.9
20,Sa,12,2025,01:26,2.5,07:25,1.0,13:36,2.5,19:43,0.8
21,Su,12,2025,02:06,2.5,08:04,1.0,14:15,2.5,20:22,0.8
22,Mo,12,2025,02:46,2.5,08:42,1.0,14:54,2.5,21:00,0.8
23,Tu,12,2025,03:26,2.5,09:21,1.0,15:34,2.5,21:40,0.8
24,We,12,2025,04:06,2.5,10:01,1.0,16:15,2.5,22:21,0.8
25,Th,12,2025,04:48,2.5,10:44,1.0,16:58,2.5,23:06,0.9
26,Fr,12,2025,05:32,2.5,11:30,1.0,17:46,2.5,23:56,0.9
27,Sa,12,2025,06:21,2.4,12:22,1.0,18:40,2.4,,
28,Su,12,2025,00:51,0.9,07:15,2.4,13:19,1.0,19:41,2.5
29,Mo,12,2025,01:51,0.9,08:13,2.4,14:22,0.9,20:45,2.5
30,Tu,12,2025,02:55,0.9,09:16,2.5,15:25,0.8,21:52,2.5
31,We,12,2025,03:58,0.9,10:19,2.5,16:27,0.7,22:57,2.6
