140,Huruhi Harbour,36°36'S,175°46'E                                          
Based on constituent set with reference date:,22-Mar-2010
Local Std or Daylight Time,Tidal heights in metres.
1,We,1,2025,02:28,0.6,08:48,2.2,14:57,0.7,20:59,2.1
2,Th,1,2025,03:12,0.5,09:32,2.3,15:43,0.6,21:46,2.2
3,Fr,1,2025,03:56,0.5,10:16,2.3,16:30,0.6,22:32,2.2
4,Sa,1,2025,04:41,0.5,11:02,2.3,17:17,0.5,23:20,2.2
5,Su,1,2025,05:28,0.5,11:49,2.3,18:05,0.5,,
6,Mo,1,2025,00:10,2.2,06:18,0.5,12:38,2.3,18:56,0.5
7,Tu,1,2025,01:03,2.2,07:12,0.6,13:30,2.3,19:48,0.5
8,We,1,2025,01:59,2.2,08:09,0.6,14:25,2.3,20:44,0.5
9,Th,1,2025,02:59,2.2,09:10,0.7,15:22,2.2,21:42,0.5
10,Fr,1,2025,04:02,2.2,10:12,0.7,16:21,2.2,22:42,0.5
11,Sa,1,2025,05:05,2.2,11:15,0.7,17:22,2.2,23:41,0.5
12,Su,1,2025,06:05,2.2,12:16,0.7,18:21,2.2,,
13,Mo,1,2025,00:39,0.5,07:01,2.3,13:13,0.6,19:19,2.2
14,Tu,1,2025,01:33,0.5,07:54,2.3,14:07,0.6,20:12,2.2
15,We,1,2025,02:23,0.5,08:42,2.3,14:58,0.6,21:03,2.2
16,Th,1,2025,03:11,0.5,09:29,2.3,15:45,0.6,21:50,2.2
17,Fr,1,2025,03:55,0.5,10:13,2.3,16:30,0.6,22:34,2.1
18,Sa,1,2025,04:38,0.5,10:55,2.3,17:13,0.6,23:17,2.1
19,Su,1,2025,05:21,0.6,11:37,2.2,17:55,0.6,,
20,Mo,1,2025,00:00,2.1,06:03,0.7,12:18,2.1,18:36,0.7
21,Tu,1,2025,00:43,2.0,06:47,0.7,13:00,2.1,19:18,0.7
22,We,1,2025,01:28,2.0,07:32,0.8,13:44,2.0,20:03,0.8
23,Th,1,2025,02:17,1.9,08:22,0.9,14:30,2.0,20:50,0.8
24,Fr,1,2025,03:10,1.9,09:15,0.9,15:20,1.9,21:42,0.8
25,Sa,1,2025,04:07,1.9,10:11,0.9,16:13,1.9,22:37,0.8
26,Su,1,2025,05:03,1.9,11:07,0.9,17:08,1.9,23:32,0.7
27,Mo,1,2025,05:58,2.0,12:02,0.8,18:04,2.0,,
28,Tu,1,2025,00:25,0.7,06:48,2.1,12:54,0.8,18:57,2.0
29,We,1,2025,01:15,0.6,07:36,2.2,13:45,0.7,19:49,2.1
30,Th,1,2025,02:03,0.5,08:22,2.3,14:33,0.6,20:38,2.2
31,Fr,1,2025,02:49,0.4,09:08,2.4,15:21,0.5,21:26,2.3
1,Sa,2,2025,03:35,0.4,09:53,2.4,16:08,0.4,22:13,2.3
2,Su,2,2025,04:22,0.4,10:39,2.4,16:55,0.4,23:01,2.3
3,Mo,2,2025,05:10,0.4,11:27,2.4,17:43,0.4,23:51,2.3
4,Tu,2,2025,06:00,0.4,12:16,2.4,18:33,0.4,,
5,We,2,2025,00:43,2.3,06:53,0.5,13:08,2.3,19:25,0.4
6,Th,2,2025,01:39,2.2,07:50,0.6,14:03,2.2,20:21,0.5
7,Fr,2,2025,02:39,2.2,08:52,0.7,15:02,2.2,21:20,0.5
8,Sa,2,2025,03:43,2.1,09:56,0.7,16:04,2.1,22:23,0.6
9,Su,2,2025,04:48,2.1,11:01,0.7,17:07,2.1,23:25,0.6
10,Mo,2,2025,05:49,2.2,12:03,0.7,18:09,2.1,,
11,Tu,2,2025,00:24,0.6,06:45,2.2,13:00,0.7,19:06,2.1
12,We,2,2025,01:17,0.6,07:36,2.2,13:51,0.7,19:57,2.1
13,Th,2,2025,02:05,0.6,08:22,2.2,14:38,0.6,20:44,2.1
14,Fr,2,2025,02:50,0.5,09:05,2.2,15:21,0.6,21:27,2.1
15,Sa,2,2025,03:31,0.6,09:45,2.2,16:01,0.6,22:07,2.1
16,Su,2,2025,04:11,0.6,10:24,2.2,16:40,0.6,22:46,2.1
17,Mo,2,2025,04:50,0.6,11:02,2.2,17:18,0.6,23:25,2.1
18,Tu,2,2025,05:29,0.7,11:41,2.1,17:56,0.7,,
19,We,2,2025,00:05,2.0,06:10,0.7,12:20,2.1,18:36,0.7
20,Th,2,2025,00:48,2.0,06:53,0.8,13:02,2.0,19:18,0.7
21,Fr,2,2025,01:34,2.0,07:41,0.9,13:47,2.0,20:05,0.8
22,Sa,2,2025,02:27,1.9,08:34,0.9,14:37,1.9,20:58,0.8
23,Su,2,2025,03:24,1.9,09:32,0.9,15:33,1.9,21:56,0.8
24,Mo,2,2025,04:24,1.9,10:31,0.9,16:33,1.9,22:56,0.8
25,Tu,2,2025,05:22,2.0,11:30,0.8,17:34,2.0,23:53,0.7
26,We,2,2025,06:15,2.1,12:25,0.7,18:31,2.1,,
27,Th,2,2025,00:47,0.6,07:06,2.2,13:17,0.6,19:24,2.2
28,Fr,2,2025,01:37,0.5,07:54,2.3,14:07,0.5,20:15,2.3
1,Sa,3,2025,02:25,0.4,08:41,2.4,14:55,0.4,21:04,2.4
2,Su,3,2025,03:13,0.3,09:28,2.5,15:43,0.3,21:52,2.4
3,Mo,3,2025,04:01,0.3,10:16,2.5,16:31,0.3,22:41,2.4
4,Tu,3,2025,04:50,0.4,11:04,2.5,17:20,0.3,23:31,2.4
5,We,3,2025,05:41,0.4,11:55,2.4,18:10,0.3,,
6,Th,3,2025,00:24,2.3,06:36,0.5,12:48,2.3,19:03,0.4
7,Fr,3,2025,01:20,2.3,07:34,0.6,13:44,2.2,19:59,0.5
8,Sa,3,2025,02:21,2.2,08:36,0.7,14:44,2.1,21:00,0.6
9,Su,3,2025,03:25,2.1,09:42,0.7,15:48,2.0,22:04,0.7
10,Mo,3,2025,04:30,2.1,10:47,0.8,16:53,2.0,23:08,0.7
11,Tu,3,2025,05:31,2.1,11:47,0.7,17:55,2.0,,
12,We,3,2025,00:06,0.7,06:25,2.1,12:42,0.7,18:50,2.0
13,Th,3,2025,00:58,0.7,07:13,2.2,13:30,0.7,19:38,2.1
14,Fr,3,2025,01:44,0.6,07:56,2.2,14:13,0.6,20:21,2.1
15,Sa,3,2025,02:25,0.6,08:36,2.2,14:52,0.6,21:01,2.1
16,Su,3,2025,03:04,0.6,09:14,2.2,15:30,0.6,21:39,2.1
17,Mo,3,2025,03:42,0.6,09:51,2.2,16:06,0.6,22:16,2.1
18,Tu,3,2025,04:19,0.7,10:28,2.1,16:43,0.6,22:53,2.1
19,We,3,2025,04:58,0.7,11:05,2.1,17:20,0.6,23:32,2.1
20,Th,3,2025,05:38,0.7,11:44,2.0,17:58,0.7,,
21,Fr,3,2025,00:13,2.0,06:21,0.8,12:26,2.0,18:40,0.7
22,Sa,3,2025,00:59,2.0,07:08,0.9,13:11,1.9,19:26,0.8
23,Su,3,2025,01:50,2.0,08:01,0.9,14:02,1.9,20:19,0.8
24,Mo,3,2025,02:47,2.0,08:59,0.9,15:00,1.9,21:19,0.8
25,Tu,3,2025,03:47,2.0,09:59,0.8,16:03,1.9,22:22,0.7
26,We,3,2025,04:46,2.1,10:58,0.8,17:05,2.0,23:22,0.7
27,Th,3,2025,05:41,2.2,11:54,0.6,18:04,2.1,,
28,Fr,3,2025,00:17,0.6,06:34,2.3,12:48,0.5,18:59,2.2
29,Sa,3,2025,01:10,0.5,07:24,2.4,13:39,0.4,19:51,2.3
30,Su,3,2025,02:00,0.4,08:13,2.5,14:29,0.3,20:41,2.4
31,Mo,3,2025,02:50,0.3,09:02,2.5,15:18,0.2,21:31,2.5
1,Tu,4,2025,03:40,0.3,09:52,2.5,16:07,0.2,22:20,2.5
2,We,4,2025,04:31,0.3,10:42,2.5,16:57,0.3,23:11,2.5
3,Th,4,2025,05:24,0.4,11:34,2.4,17:48,0.3,,
4,Fr,4,2025,00:05,2.4,06:19,0.5,12:29,2.3,18:41,0.4
5,Sa,4,2025,01:01,2.3,07:18,0.6,13:26,2.2,19:38,0.5
6,Su,4,2025,02:01,2.2,07:20,0.7,13:27,2.1,19:39,0.6
7,Mo,4,2025,02:04,2.1,08:24,0.7,14:31,2.0,20:43,0.7
8,Tu,4,2025,03:06,2.1,09:26,0.8,15:34,2.0,21:45,0.7
9,We,4,2025,04:04,2.1,10:23,0.7,16:34,2.0,22:42,0.7
10,Th,4,2025,04:56,2.1,11:15,0.7,17:26,2.0,23:32,0.7
11,Fr,4,2025,05:43,2.1,12:00,0.7,18:12,2.0,,
12,Sa,4,2025,00:16,0.7,06:24,2.1,12:42,0.7,18:54,2.1
13,Su,4,2025,00:56,0.7,07:04,2.1,13:20,0.6,19:32,2.1
14,Mo,4,2025,01:35,0.7,07:41,2.1,13:57,0.6,20:10,2.1
15,Tu,4,2025,02:13,0.7,08:19,2.1,14:34,0.6,20:47,2.1
16,We,4,2025,02:52,0.7,08:56,2.1,15:11,0.6,21:25,2.1
17,Th,4,2025,03:31,0.7,09:35,2.1,15:48,0.6,22:04,2.1
18,Fr,4,2025,04:12,0.8,10:15,2.0,16:27,0.7,22:45,2.1
19,Sa,4,2025,04:55,0.8,10:57,2.0,17:09,0.7,23:30,2.0
20,Su,4,2025,05:43,0.8,11:43,1.9,17:55,0.7,,
21,Mo,4,2025,00:21,2.0,06:35,0.8,12:35,1.9,18:48,0.8
22,Tu,4,2025,01:16,2.0,07:31,0.8,13:33,1.9,19:47,0.8
23,We,4,2025,02:14,2.1,08:29,0.8,14:35,2.0,20:49,0.7
24,Th,4,2025,03:12,2.1,09:27,0.7,15:37,2.1,21:50,0.7
25,Fr,4,2025,04:08,2.2,10:24,0.6,16:37,2.2,22:48,0.6
26,Sa,4,2025,05:02,2.3,11:19,0.4,17:33,2.3,23:43,0.5
27,Su,4,2025,05:54,2.4,12:12,0.3,18:27,2.4,,
28,Mo,4,2025,00:36,0.4,06:46,2.4,13:03,0.3,19:19,2.5
29,Tu,4,2025,01:28,0.4,07:38,2.5,13:54,0.2,20:10,2.5
30,We,4,2025,02:20,0.4,08:30,2.5,14:44,0.2,21:01,2.5
1,Th,5,2025,03:13,0.4,09:22,2.4,15:35,0.3,21:53,2.5
2,Fr,5,2025,04:08,0.4,10:15,2.3,16:26,0.3,22:46,2.4
3,Sa,5,2025,05:03,0.5,11:10,2.2,17:20,0.5,23:41,2.3
4,Su,5,2025,06:01,0.6,12:07,2.1,18:15,0.6,,
5,Mo,5,2025,00:38,2.2,06:59,0.7,13:05,2.0,19:14,0.7
6,Tu,5,2025,01:37,2.1,07:58,0.7,14:06,2.0,20:14,0.7
7,We,5,2025,02:34,2.1,08:55,0.7,15:06,1.9,21:13,0.8
8,Th,5,2025,03:29,2.0,09:49,0.7,16:03,2.0,22:08,0.8
9,Fr,5,2025,04:19,2.0,10:39,0.7,16:54,2.0,22:58,0.8
10,Sa,5,2025,05:05,2.0,11:24,0.7,17:41,2.0,23:43,0.8
11,Su,5,2025,05:48,2.0,12:07,0.7,18:23,2.1,,
12,Mo,5,2025,00:25,0.8,06:29,2.1,12:47,0.6,19:03,2.1
13,Tu,5,2025,01:06,0.7,07:09,2.1,13:26,0.6,19:42,2.1
14,We,5,2025,01:46,0.7,07:49,2.1,14:05,0.6,20:21,2.1
15,Th,5,2025,02:27,0.7,08:29,2.1,14:43,0.6,21:01,2.1
16,Fr,5,2025,03:08,0.7,09:10,2.0,15:22,0.6,21:41,2.1
17,Sa,5,2025,03:51,0.8,09:51,2.0,16:02,0.6,22:23,2.1
18,Su,5,2025,04:35,0.8,10:35,2.0,16:45,0.7,23:07,2.1
19,Mo,5,2025,05:22,0.8,11:22,2.0,17:31,0.7,23:56,2.1
20,Tu,5,2025,06:12,0.7,12:13,2.0,18:23,0.7,,
21,We,5,2025,00:48,2.1,07:05,0.7,13:09,2.0,19:20,0.7
22,Th,5,2025,01:43,2.1,08:01,0.7,14:09,2.0,20:20,0.7
23,Fr,5,2025,02:39,2.2,08:57,0.6,15:10,2.1,21:21,0.6
24,Sa,5,2025,03:36,2.2,09:55,0.5,16:11,2.2,22:21,0.6
25,Su,5,2025,04:32,2.3,10:51,0.4,17:09,2.3,23:18,0.5
26,Mo,5,2025,05:28,2.3,11:46,0.3,18:05,2.4,,
27,Tu,5,2025,00:14,0.5,06:23,2.4,12:40,0.3,18:59,2.4
28,We,5,2025,01:09,0.4,07:17,2.4,13:33,0.3,19:51,2.5
29,Th,5,2025,02:03,0.4,08:11,2.4,14:24,0.3,20:43,2.5
30,Fr,5,2025,02:57,0.4,09:04,2.3,15:15,0.3,21:34,2.4
31,Sa,5,2025,03:51,0.5,09:57,2.3,16:06,0.4,22:26,2.4
1,Su,6,2025,04:45,0.5,10:50,2.2,16:57,0.5,23:18,2.3
2,Mo,6,2025,05:38,0.6,11:43,2.1,17:49,0.6,,
3,Tu,6,2025,00:10,2.2,06:31,0.6,12:37,2.0,18:43,0.7
4,We,6,2025,01:03,2.1,07:24,0.7,13:32,2.0,19:37,0.8
5,Th,6,2025,01:54,2.1,08:16,0.7,14:28,1.9,20:33,0.8
6,Fr,6,2025,02:45,2.0,09:06,0.8,15:23,1.9,21:26,0.9
7,Sa,6,2025,03:34,2.0,09:56,0.8,16:15,1.9,22:18,0.9
8,Su,6,2025,04:22,2.0,10:44,0.7,17:04,2.0,23:06,0.8
9,Mo,6,2025,05:08,2.0,11:30,0.7,17:51,2.0,23:52,0.8
10,Tu,6,2025,05:54,2.0,12:14,0.7,18:34,2.1,,
11,We,6,2025,00:37,0.8,06:38,2.0,12:57,0.6,19:16,2.1
12,Th,6,2025,01:21,0.8,07:22,2.0,13:38,0.6,19:57,2.1
13,Fr,6,2025,02:04,0.7,08:05,2.0,14:19,0.6,20:38,2.2
14,Sa,6,2025,02:47,0.7,08:48,2.1,14:59,0.6,21:19,2.2
15,Su,6,2025,03:31,0.7,09:31,2.1,15:41,0.6,22:02,2.2
16,Mo,6,2025,04:16,0.7,10:16,2.1,16:24,0.6,22:46,2.2
17,Tu,6,2025,05:01,0.7,11:03,2.1,17:10,0.6,23:33,2.2
18,We,6,2025,05:49,0.6,11:52,2.1,18:00,0.6,,
19,Th,6,2025,00:22,2.2,06:40,0.6,12:46,2.1,18:55,0.7
20,Fr,6,2025,01:15,2.2,07:34,0.6,13:45,2.1,19:54,0.7
21,Sa,6,2025,02:11,2.2,08:30,0.5,14:46,2.1,20:56,0.7
22,Su,6,2025,03:08,2.2,09:28,0.5,15:48,2.2,21:58,0.6
23,Mo,6,2025,04:07,2.2,10:27,0.4,16:49,2.3,22:58,0.6
24,Tu,6,2025,05:06,2.3,11:25,0.4,17:47,2.3,23:57,0.5
25,We,6,2025,06:04,2.3,12:21,0.4,18:42,2.4,,
26,Th,6,2025,00:54,0.5,07:00,2.3,13:15,0.3,19:34,2.4
27,Fr,6,2025,01:48,0.5,07:55,2.3,14:06,0.3,20:25,2.4
28,Sa,6,2025,02:41,0.5,08:47,2.3,14:56,0.4,21:15,2.4
29,Su,6,2025,03:32,0.5,09:38,2.2,15:44,0.4,22:03,2.4
30,Mo,6,2025,04:22,0.5,10:27,2.2,16:32,0.5,22:50,2.3
1,Tu,7,2025,05:10,0.6,11:15,2.1,17:19,0.6,23:37,2.2
2,We,7,2025,05:56,0.6,12:03,2.1,18:07,0.7,,
3,Th,7,2025,00:23,2.1,06:43,0.7,12:52,2.0,18:56,0.8
4,Fr,7,2025,01:10,2.1,07:30,0.7,13:43,1.9,19:48,0.8
5,Sa,7,2025,01:58,2.0,08:19,0.8,14:37,1.9,20:41,0.9
6,Su,7,2025,02:47,2.0,09:09,0.8,15:32,1.9,21:35,0.9
7,Mo,7,2025,03:37,1.9,10:01,0.8,16:26,1.9,22:28,0.9
8,Tu,7,2025,04:29,1.9,10:52,0.8,17:16,2.0,23:19,0.9
9,We,7,2025,05:20,1.9,11:42,0.7,18:04,2.0,,
10,Th,7,2025,00:08,0.8,06:09,2.0,12:28,0.7,18:49,2.1
11,Fr,7,2025,00:55,0.8,06:57,2.0,13:12,0.6,19:32,2.2
12,Sa,7,2025,01:41,0.7,07:43,2.1,13:55,0.6,20:14,2.2
13,Su,7,2025,02:25,0.7,08:27,2.1,14:37,0.5,20:56,2.3
14,Mo,7,2025,03:09,0.6,09:12,2.1,15:20,0.5,21:39,2.3
15,Tu,7,2025,03:54,0.6,09:56,2.2,16:04,0.5,22:23,2.3
16,We,7,2025,04:39,0.5,10:43,2.2,16:50,0.5,23:09,2.3
17,Th,7,2025,05:26,0.5,11:32,2.2,17:40,0.6,23:58,2.3
18,Fr,7,2025,06:16,0.5,12:25,2.2,18:34,0.6,,
19,Sa,7,2025,00:50,2.3,07:09,0.5,13:23,2.1,19:33,0.7
20,Su,7,2025,01:46,2.2,08:05,0.5,14:24,2.1,20:35,0.7
21,Mo,7,2025,02:45,2.2,09:06,0.5,15:28,2.2,21:40,0.7
22,Tu,7,2025,03:47,2.2,10:07,0.5,16:31,2.2,22:43,0.7
23,We,7,2025,04:49,2.2,11:08,0.5,17:31,2.3,23:43,0.6
24,Th,7,2025,05:50,2.2,12:05,0.5,18:26,2.3,,
25,Fr,7,2025,00:40,0.6,06:47,2.2,12:59,0.4,19:18,2.3
26,Sa,7,2025,01:33,0.5,07:40,2.2,13:48,0.4,20:06,2.4
27,Su,7,2025,02:23,0.5,08:29,2.2,14:35,0.4,20:52,2.4
28,Mo,7,2025,03:09,0.5,09:15,2.2,15:20,0.5,21:36,2.3
29,Tu,7,2025,03:54,0.5,09:59,2.2,16:03,0.5,22:19,2.3
30,We,7,2025,04:36,0.6,10:43,2.1,16:46,0.6,23:01,2.2
31,Th,7,2025,05:18,0.6,11:26,2.1,17:30,0.7,23:43,2.1
1,Fr,8,2025,06:00,0.7,12:10,2.0,18:15,0.8,,
2,Sa,8,2025,00:26,2.0,06:44,0.7,12:58,2.0,19:04,0.9
3,Su,8,2025,01:11,2.0,07:31,0.8,13:51,1.9,19:56,0.9
4,Mo,8,2025,02:01,1.9,08:22,0.8,14:47,1.9,20:52,0.9
5,Tu,8,2025,02:54,1.9,09:18,0.8,15:45,1.9,21:50,0.9
6,We,8,2025,03:51,1.9,10:15,0.8,16:41,2.0,22:46,0.9
7,Th,8,2025,04:47,1.9,11:09,0.7,17:32,2.0,23:38,0.8
8,Fr,8,2025,05:41,2.0,11:59,0.7,18:19,2.1,,
9,Sa,8,2025,00:27,0.7,06:31,2.1,12:45,0.6,19:04,2.2
10,Su,8,2025,01:14,0.6,07:19,2.1,13:30,0.5,19:47,2.3
11,Mo,8,2025,02:00,0.6,08:05,2.2,14:14,0.5,20:30,2.3
12,Tu,8,2025,02:44,0.5,08:50,2.3,14:58,0.4,21:14,2.4
13,We,8,2025,03:29,0.4,09:35,2.3,15:43,0.4,21:59,2.4
14,Th,8,2025,04:15,0.4,10:23,2.3,16:31,0.5,22:47,2.4
15,Fr,8,2025,05:02,0.4,11:12,2.3,17:21,0.5,23:36,2.3
16,Sa,8,2025,05:52,0.4,12:05,2.2,18:16,0.6,,
17,Su,8,2025,00:29,2.3,06:46,0.5,13:04,2.2,19:16,0.6
18,Mo,8,2025,01:27,2.2,07:44,0.5,14:07,2.2,20:20,0.7
19,Tu,8,2025,02:28,2.1,08:47,0.6,15:12,2.1,21:26,0.7
20,We,8,2025,03:33,2.1,09:51,0.6,16:16,2.2,22:31,0.7
21,Th,8,2025,04:38,2.1,10:54,0.6,17:16,2.2,23:31,0.7
22,Fr,8,2025,05:38,2.1,11:51,0.5,18:10,2.2,,
23,Sa,8,2025,00:25,0.6,06:33,2.1,12:42,0.5,18:58,2.3
24,Su,8,2025,01:15,0.6,07:22,2.2,13:29,0.5,19:43,2.3
25,Mo,8,2025,02:00,0.5,08:07,2.2,14:12,0.5,20:26,2.3
26,Tu,8,2025,02:42,0.5,08:49,2.2,14:53,0.5,21:06,2.3
27,We,8,2025,03:22,0.5,09:30,2.2,15:34,0.6,21:45,2.2
28,Th,8,2025,04:01,0.6,10:09,2.1,16:14,0.6,22:24,2.2
29,Fr,8,2025,04:39,0.6,10:49,2.1,16:54,0.7,23:04,2.1
30,Sa,8,2025,05:19,0.7,11:31,2.0,17:38,0.8,23:45,2.0
31,Su,8,2025,06:00,0.7,12:17,2.0,18:25,0.9,,
1,Mo,9,2025,00:30,2.0,06:46,0.8,13:08,1.9,19:17,0.9
2,Tu,9,2025,01:19,1.9,07:38,0.8,14:05,1.9,20:14,0.9
3,We,9,2025,02:15,1.9,08:36,0.8,15:05,1.9,21:13,0.9
4,Th,9,2025,03:15,1.9,09:36,0.8,16:03,2.0,22:11,0.9
5,Fr,9,2025,04:14,1.9,10:34,0.7,16:56,2.1,23:05,0.8
6,Sa,9,2025,05:11,2.0,11:27,0.7,17:45,2.2,23:56,0.7
7,Su,9,2025,06:03,2.1,12:16,0.6,18:31,2.3,,
8,Mo,9,2025,00:44,0.6,06:52,2.2,13:02,0.5,19:17,2.3
9,Tu,9,2025,01:31,0.4,07:40,2.3,13:48,0.4,20:02,2.4
10,We,9,2025,02:17,0.4,08:27,2.4,14:35,0.4,20:49,2.4
11,Th,9,2025,03:04,0.3,09:14,2.4,15:22,0.4,21:36,2.4
12,Fr,9,2025,03:51,0.3,10:02,2.4,16:12,0.4,22:25,2.4
13,Sa,9,2025,04:40,0.3,10:53,2.4,17:05,0.5,23:17,2.3
14,Su,9,2025,05:31,0.4,11:48,2.3,18:02,0.6,,
15,Mo,9,2025,00:12,2.2,06:26,0.5,12:47,2.2,19:03,0.6
16,Tu,9,2025,01:11,2.1,07:26,0.6,13:50,2.2,20:08,0.7
17,We,9,2025,02:15,2.1,08:30,0.6,14:56,2.1,21:14,0.7
18,Th,9,2025,03:21,2.0,09:36,0.7,15:59,2.1,22:17,0.7
19,Fr,9,2025,04:25,2.0,10:37,0.7,16:56,2.2,23:14,0.7
20,Sa,9,2025,05:24,2.1,11:33,0.6,17:48,2.2,,
21,Su,9,2025,00:05,0.6,06:15,2.1,12:21,0.6,18:34,2.2
22,Mo,9,2025,00:51,0.6,07:01,2.1,13:05,0.6,19:16,2.2
23,Tu,9,2025,01:33,0.6,07:43,2.2,13:46,0.6,19:56,2.2
24,We,9,2025,02:12,0.6,08:22,2.2,14:25,0.6,20:34,2.2
25,Th,9,2025,02:49,0.6,09:00,2.2,15:04,0.6,21:12,2.1
26,Fr,9,2025,03:26,0.6,09:38,2.1,15:43,0.7,21:50,2.1
27,Sa,9,2025,04:03,0.6,10:17,2.1,16:23,0.7,22:29,2.0
28,Su,9,2025,05:42,0.7,11:58,2.1,18:06,0.8,,
29,Mo,9,2025,00:10,2.0,06:23,0.7,12:43,2.0,18:53,0.9
30,Tu,9,2025,00:55,1.9,07:08,0.8,13:32,2.0,19:44,0.9
1,We,10,2025,01:45,1.9,08:00,0.8,14:27,1.9,20:40,0.9
2,Th,10,2025,02:40,1.9,08:57,0.8,15:25,2.0,21:38,0.9
3,Fr,10,2025,03:41,1.9,09:58,0.8,16:23,2.0,22:35,0.8
4,Sa,10,2025,04:42,2.0,10:57,0.7,17:17,2.1,23:30,0.7
5,Su,10,2025,05:40,2.0,11:53,0.6,18:08,2.2,,
6,Mo,10,2025,00:23,0.6,06:34,2.2,12:44,0.5,18:58,2.3
7,Tu,10,2025,01:13,0.5,07:25,2.3,13:34,0.5,19:46,2.4
8,We,10,2025,02:02,0.4,08:15,2.4,14:23,0.4,20:35,2.4
9,Th,10,2025,02:50,0.3,09:04,2.5,15:13,0.4,21:24,2.5
10,Fr,10,2025,03:39,0.2,09:53,2.5,16:03,0.4,22:14,2.4
11,Sa,10,2025,04:28,0.2,10:43,2.5,16:56,0.4,23:06,2.4
12,Su,10,2025,05:19,0.3,11:36,2.4,17:51,0.5,,
13,Mo,10,2025,00:00,2.3,06:12,0.4,12:31,2.3,18:49,0.5
14,Tu,10,2025,00:56,2.2,07:08,0.5,13:30,2.3,19:50,0.6
15,We,10,2025,01:56,2.1,08:08,0.6,14:32,2.2,20:53,0.7
16,Th,10,2025,03:00,2.0,09:11,0.7,15:35,2.1,21:55,0.7
17,Fr,10,2025,04:04,2.0,10:15,0.7,16:35,2.1,22:55,0.7
18,Sa,10,2025,05:06,2.0,11:15,0.7,17:29,2.1,23:49,0.7
19,Su,10,2025,06:02,2.0,12:08,0.7,18:19,2.1,,
20,Mo,10,2025,00:37,0.7,06:51,2.1,12:55,0.7,19:03,2.1
21,Tu,10,2025,01:21,0.6,07:35,2.1,13:38,0.7,19:44,2.1
22,We,10,2025,02:02,0.6,08:15,2.1,14:18,0.7,20:24,2.1
23,Th,10,2025,02:40,0.6,08:54,2.1,14:58,0.7,21:02,2.1
24,Fr,10,2025,03:18,0.6,09:32,2.2,15:37,0.7,21:41,2.1
25,Sa,10,2025,03:55,0.6,10:10,2.1,16:17,0.7,22:20,2.1
26,Su,10,2025,04:33,0.6,10:49,2.1,16:58,0.8,23:00,2.0
27,Mo,10,2025,05:11,0.7,11:30,2.1,17:41,0.8,23:42,2.0
28,Tu,10,2025,05:53,0.7,12:14,2.0,18:27,0.8,,
29,We,10,2025,00:27,1.9,06:37,0.8,13:02,2.0,19:16,0.8
30,Th,10,2025,01:16,1.9,07:27,0.8,13:54,2.0,20:09,0.8
31,Fr,10,2025,02:10,1.9,08:22,0.8,14:48,2.0,21:04,0.8
1,Sa,11,2025,03:09,1.9,09:21,0.8,15:44,2.1,22:00,0.7
2,Su,11,2025,04:09,2.0,10:21,0.7,16:39,2.1,22:55,0.6
3,Mo,11,2025,05:08,2.1,11:19,0.6,17:32,2.2,23:49,0.5
4,Tu,11,2025,06:05,2.2,12:14,0.6,18:25,2.3,,
5,We,11,2025,00:42,0.4,06:59,2.3,13:07,0.5,19:17,2.4
6,Th,11,2025,01:34,0.3,07:51,2.4,14:00,0.4,20:09,2.4
7,Fr,11,2025,02:26,0.2,08:42,2.5,14:53,0.4,21:02,2.4
8,Sa,11,2025,03:17,0.2,09:34,2.5,15:46,0.4,21:55,2.4
9,Su,11,2025,04:08,0.2,10:26,2.5,16:40,0.4,22:48,2.4
10,Mo,11,2025,05:00,0.3,11:19,2.5,17:36,0.5,23:43,2.3
11,Tu,11,2025,05:53,0.4,12:14,2.4,18:33,0.5,,
12,We,11,2025,00:40,2.2,06:48,0.5,13:11,2.3,19:31,0.6
13,Th,11,2025,01:38,2.1,07:46,0.6,14:08,2.2,20:30,0.6
14,Fr,11,2025,02:38,2.0,08:46,0.7,15:06,2.1,21:28,0.7
15,Sa,11,2025,03:39,2.0,09:46,0.7,16:02,2.1,22:23,0.7
16,Su,11,2025,04:37,2.0,10:43,0.8,16:54,2.1,23:15,0.7
17,Mo,11,2025,05:32,2.0,11:36,0.8,17:43,2.0,,
18,Tu,11,2025,00:03,0.7,06:21,2.0,12:23,0.8,18:28,2.0
19,We,11,2025,00:48,0.7,07:06,2.1,13:08,0.8,19:11,2.0
20,Th,11,2025,01:30,0.7,07:47,2.1,13:50,0.8,19:52,2.0
21,Fr,11,2025,02:10,0.6,08:27,2.1,14:32,0.8,20:33,2.0
22,Sa,11,2025,02:49,0.6,09:07,2.1,15:13,0.7,21:14,2.0
23,Su,11,2025,03:28,0.6,09:46,2.1,15:54,0.8,21:55,2.0
24,Mo,11,2025,04:07,0.6,10:26,2.1,16:36,0.8,22:37,2.0
25,Tu,11,2025,04:47,0.7,11:07,2.1,17:20,0.8,23:19,2.0
26,We,11,2025,05:27,0.7,11:50,2.1,18:04,0.8,,
27,Th,11,2025,00:03,2.0,06:11,0.7,12:35,2.1,18:51,0.8
28,Fr,11,2025,00:51,2.0,06:59,0.7,13:23,2.1,19:40,0.7
29,Sa,11,2025,01:42,2.0,07:51,0.7,14:14,2.1,20:32,0.7
30,Su,11,2025,02:39,2.0,08:48,0.7,15:08,2.1,21:26,0.6
1,Mo,12,2025,03:38,2.0,09:48,0.7,16:03,2.2,22:22,0.6
2,Tu,12,2025,04:38,2.1,10:48,0.6,16:59,2.2,23:19,0.5
3,We,12,2025,05:38,2.2,11:46,0.6,17:56,2.3,,
4,Th,12,2025,00:15,0.4,06:35,2.3,12:44,0.5,18:52,2.3
5,Fr,12,2025,01:10,0.3,07:30,2.4,13:40,0.5,19:48,2.4
6,Sa,12,2025,02:04,0.3,08:24,2.5,14:36,0.4,20:43,2.4
7,Su,12,2025,02:57,0.2,09:16,2.5,15:31,0.4,21:38,2.4
8,Mo,12,2025,03:49,0.3,10:09,2.5,16:25,0.4,22:32,2.3
9,Tu,12,2025,04:41,0.3,11:01,2.5,17:19,0.4,23:25,2.3
10,We,12,2025,05:33,0.4,11:53,2.4,18:13,0.5,,
11,Th,12,2025,00:19,2.2,06:25,0.5,12:46,2.3,19:06,0.6
12,Fr,12,2025,01:13,2.1,07:19,0.6,13:38,2.2,19:59,0.6
13,Sa,12,2025,02:08,2.0,08:14,0.7,14:30,2.1,20:51,0.7
14,Su,12,2025,03:04,2.0,09:09,0.8,15:22,2.1,21:43,0.7
15,Mo,12,2025,04:00,2.0,10:04,0.8,16:12,2.0,22:34,0.7
16,Tu,12,2025,04:54,2.0,10:57,0.9,17:02,2.0,23:24,0.7
17,We,12,2025,05:46,2.0,11:48,0.9,17:50,2.0,,
18,Th,12,2025,00:12,0.7,06:34,2.0,12:36,0.8,18:37,2.0
19,Fr,12,2025,00:58,0.7,07:19,2.0,13:22,0.8,19:23,2.0
20,Sa,12,2025,01:41,0.7,08:02,2.1,14:07,0.8,20:08,2.0
21,Su,12,2025,02:24,0.6,08:43,2.1,14:50,0.8,20:51,2.0
22,Mo,12,2025,03:04,0.6,09:24,2.1,15:33,0.7,21:34,2.0
23,Tu,12,2025,03:44,0.6,10:04,2.2,16:15,0.7,22:16,2.0
24,We,12,2025,04:24,0.6,10:44,2.2,16:58,0.7,22:58,2.0
25,Th,12,2025,05:05,0.6,11:26,2.2,17:41,0.7,23:41,2.0
26,Fr,12,2025,05:48,0.6,12:09,2.2,18:25,0.7,,
27,Sa,12,2025,00:27,2.1,06:34,0.7,12:55,2.2,19:12,0.6
28,Su,12,2025,01:17,2.1,07:25,0.7,13:44,2.2,20:02,0.6
29,Mo,12,2025,02:11,2.1,08:20,0.7,14:37,2.2,20:56,0.6
30,Tu,12,2025,03:11,2.1,09:20,0.7,15:33,2.2,21:53,0.5
31,We,12,2025,04:13,2.1,10:22,0.7,16:32,2.2,22:53,0.5
