044,Kawhia,38°04'S,174°49'E                                          
Based on constituent set with reference date:,01-Jul-2016
Local Std or Daylight Time,Tidal heights in metres.
1,Th,1,2026,02:14,0.8,08:57,3.4,14:50,0.8,21:18,3.4
2,Fr,1,2026,03:14,0.7,09:54,3.6,15:48,0.7,22:16,3.5
3,Sa,1,2026,04:10,0.5,10:48,3.7,16:41,0.6,23:10,3.6
4,Su,1,2026,05:02,0.5,11:38,3.8,17:31,0.5,,
5,Mo,1,2026,00:02,3.6,05:50,0.4,12:26,3.8,18:19,0.5
6,Tu,1,2026,00:50,3.6,06:36,0.5,13:13,3.8,19:05,0.6
7,We,1,2026,01:36,3.5,07:21,0.6,13:57,3.6,19:50,0.7
8,Th,1,2026,02:21,3.4,08:05,0.7,14:42,3.5,20:34,0.8
9,Fr,1,2026,03:05,3.2,08:49,0.9,15:26,3.3,21:19,1.0
10,Sa,1,2026,03:51,3.1,09:35,1.1,16:13,3.2,22:06,1.1
11,Su,1,2026,04:40,3.0,10:27,1.3,17:03,3.0,22:58,1.2
12,Mo,1,2026,05:37,2.9,11:30,1.4,18:00,2.9,23:59,1.3
13,Tu,1,2026,06:38,2.9,12:43,1.4,19:00,2.9,,
14,We,1,2026,01:06,1.3,07:40,2.9,13:50,1.4,20:00,2.9
15,Th,1,2026,02:10,1.3,08:37,3.0,14:45,1.3,20:56,3.0
16,Fr,1,2026,03:02,1.2,09:28,3.1,15:31,1.2,21:46,3.1
17,Sa,1,2026,03:47,1.0,10:14,3.3,16:12,1.1,22:32,3.2
18,Su,1,2026,04:26,0.9,10:56,3.4,16:49,0.9,23:14,3.3
19,Mo,1,2026,05:03,0.8,11:35,3.5,17:25,0.8,23:54,3.4
20,Tu,1,2026,05:40,0.7,12:12,3.6,18:02,0.7,,
21,We,1,2026,00:32,3.4,06:17,0.6,12:50,3.6,18:41,0.6
22,Th,1,2026,01:10,3.4,06:55,0.6,13:27,3.6,19:20,0.6
23,Fr,1,2026,01:49,3.4,07:35,0.6,14:06,3.6,20:02,0.6
24,Sa,1,2026,02:29,3.4,08:18,0.7,14:48,3.5,20:46,0.7
25,Su,1,2026,03:12,3.3,09:04,0.8,15:33,3.4,21:34,0.8
26,Mo,1,2026,04:02,3.2,09:56,1.0,16:27,3.2,22:28,0.9
27,Tu,1,2026,05:03,3.1,10:59,1.1,17:31,3.1,23:31,1.0
28,We,1,2026,06:17,3.1,12:12,1.2,18:44,3.1,,
29,Th,1,2026,00:43,1.1,07:32,3.1,13:29,1.1,19:58,3.1
30,Fr,1,2026,01:57,1.0,08:41,3.3,14:38,1.0,21:05,3.2
31,Sa,1,2026,03:03,0.8,09:41,3.5,15:37,0.8,22:06,3.4
1,Su,2,2026,04:00,0.7,10:35,3.6,16:29,0.6,22:59,3.5
2,Mo,2,2026,04:50,0.5,11:23,3.8,17:17,0.5,23:48,3.6
3,Tu,2,2026,05:35,0.5,12:08,3.8,18:01,0.5,,
4,We,2,2026,00:32,3.6,06:17,0.5,12:50,3.8,18:42,0.5
5,Th,2,2026,01:13,3.6,06:57,0.5,13:30,3.7,19:21,0.6
6,Fr,2,2026,01:52,3.5,07:36,0.7,14:09,3.5,19:59,0.7
7,Sa,2,2026,02:30,3.4,08:14,0.8,14:47,3.4,20:37,0.9
8,Su,2,2026,03:08,3.2,08:53,1.0,15:25,3.2,21:17,1.0
9,Mo,2,2026,03:48,3.1,09:36,1.2,16:08,3.0,22:00,1.2
10,Tu,2,2026,04:37,2.9,10:28,1.4,17:00,2.9,22:54,1.4
11,We,2,2026,05:41,2.8,11:38,1.5,18:07,2.8,,
12,Th,2,2026,00:05,1.4,06:55,2.8,13:06,1.5,19:20,2.7
13,Fr,2,2026,01:31,1.4,08:02,2.9,14:16,1.4,20:26,2.8
14,Sa,2,2026,02:36,1.3,09:00,3.0,15:06,1.3,21:22,3.0
15,Su,2,2026,03:23,1.1,09:48,3.2,15:47,1.1,22:10,3.2
16,Mo,2,2026,04:03,0.9,10:31,3.4,16:24,0.9,22:52,3.3
17,Tu,2,2026,04:40,0.7,11:10,3.6,17:01,0.7,23:32,3.5
18,We,2,2026,05:17,0.6,11:48,3.7,17:38,0.5,,
19,Th,2,2026,00:11,3.6,05:55,0.5,12:27,3.8,18:17,0.4
20,Fr,2,2026,00:49,3.6,06:34,0.4,13:05,3.8,18:57,0.4
21,Sa,2,2026,01:28,3.6,07:14,0.4,13:45,3.7,19:38,0.5
22,Su,2,2026,02:09,3.5,07:57,0.6,14:27,3.6,20:22,0.6
23,Mo,2,2026,02:52,3.4,08:43,0.7,15:13,3.4,21:09,0.7
24,Tu,2,2026,03:43,3.3,09:36,0.9,16:07,3.2,22:03,0.9
25,We,2,2026,04:44,3.1,10:39,1.1,17:12,3.0,23:08,1.1
26,Th,2,2026,05:59,3.0,11:56,1.2,18:30,3.0,,
27,Fr,2,2026,00:27,1.2,07:17,3.1,13:18,1.2,19:47,3.0
28,Sa,2,2026,01:48,1.1,08:27,3.2,14:28,1.0,20:56,3.1
1,Su,3,2026,02:54,0.9,09:27,3.4,15:24,0.8,21:54,3.3
2,Mo,3,2026,03:47,0.7,10:18,3.6,16:13,0.7,22:44,3.5
3,Tu,3,2026,04:33,0.6,11:04,3.7,16:56,0.5,23:27,3.6
4,We,3,2026,05:15,0.5,11:45,3.7,17:36,0.5,,
5,Th,3,2026,00:07,3.6,05:54,0.5,12:24,3.7,18:14,0.5
6,Fr,3,2026,00:45,3.6,06:30,0.6,13:00,3.6,18:49,0.6
7,Sa,3,2026,01:20,3.5,07:06,0.7,13:35,3.5,19:24,0.7
8,Su,3,2026,01:54,3.4,07:40,0.8,14:09,3.3,19:59,0.8
9,Mo,3,2026,02:28,3.3,08:17,1.0,14:44,3.2,20:35,1.0
10,Tu,3,2026,03:04,3.1,08:56,1.2,15:21,3.0,21:16,1.2
11,We,3,2026,03:47,3.0,09:43,1.4,16:08,2.8,22:05,1.3
12,Th,3,2026,04:46,2.8,10:45,1.5,17:13,2.7,23:10,1.5
13,Fr,3,2026,06:05,2.8,12:10,1.6,18:37,2.7,,
14,Sa,3,2026,00:38,1.5,07:22,2.8,13:32,1.5,19:51,2.8
15,Su,3,2026,01:57,1.4,08:24,3.0,14:28,1.3,20:51,3.0
16,Mo,3,2026,02:48,1.2,09:14,3.2,15:11,1.0,21:40,3.2
17,Tu,3,2026,03:30,0.9,09:58,3.4,15:51,0.8,22:23,3.4
18,We,3,2026,04:10,0.7,10:40,3.6,16:30,0.6,23:04,3.6
19,Th,3,2026,04:50,0.5,11:20,3.7,17:10,0.4,23:45,3.7
20,Fr,3,2026,05:30,0.4,12:01,3.8,17:51,0.3,,
21,Sa,3,2026,00:26,3.8,06:11,0.3,12:42,3.8,18:33,0.3
22,Su,3,2026,01:07,3.7,06:54,0.4,13:25,3.7,19:16,0.4
23,Mo,3,2026,01:51,3.6,07:39,0.5,14:10,3.6,20:01,0.6
24,Tu,3,2026,02:37,3.5,08:28,0.7,14:59,3.4,20:51,0.8
25,We,3,2026,03:30,3.3,09:23,1.0,15:56,3.1,21:46,1.0
26,Th,3,2026,04:33,3.1,10:28,1.2,17:04,3.0,22:54,1.2
27,Fr,3,2026,05:47,3.0,11:47,1.2,18:21,2.9,,
28,Sa,3,2026,00:18,1.2,07:02,3.1,13:07,1.2,19:36,3.0
29,Su,3,2026,01:37,1.1,08:10,3.2,14:12,1.0,20:41,3.1
30,Mo,3,2026,02:38,1.0,09:06,3.4,15:04,0.8,21:35,3.3
31,Tu,3,2026,03:27,0.8,09:55,3.5,15:49,0.7,22:20,3.5
1,We,4,2026,04:11,0.7,10:37,3.6,16:30,0.6,23:01,3.6
2,Th,4,2026,04:50,0.6,11:17,3.6,17:08,0.6,23:39,3.6
3,Fr,4,2026,05:27,0.6,11:54,3.6,17:43,0.6,,
4,Sa,4,2026,00:15,3.6,06:02,0.6,12:29,3.5,18:18,0.6
5,Su,4,2026,00:49,3.5,05:36,0.7,12:03,3.4,17:52,0.7
6,Mo,4,2026,00:23,3.4,06:11,0.8,12:37,3.3,18:26,0.8
7,Tu,4,2026,00:57,3.3,06:47,1.0,13:12,3.1,19:03,1.0
8,We,4,2026,01:33,3.2,07:27,1.2,13:50,3.0,19:44,1.1
9,Th,4,2026,02:14,3.0,08:13,1.3,14:36,2.9,20:31,1.3
10,Fr,4,2026,03:08,2.9,09:11,1.4,15:35,2.8,21:31,1.4
11,Sa,4,2026,04:18,2.8,10:21,1.5,16:52,2.7,22:46,1.5
12,Su,4,2026,05:34,2.9,11:36,1.4,18:08,2.8,,
13,Mo,4,2026,00:03,1.4,06:39,3.0,12:37,1.2,19:10,3.0
14,Tu,4,2026,01:03,1.2,07:32,3.2,13:28,1.0,20:02,3.2
15,We,4,2026,01:52,0.9,08:20,3.4,14:14,0.7,20:49,3.4
16,Th,4,2026,02:37,0.7,09:06,3.6,14:58,0.5,21:34,3.6
17,Fr,4,2026,03:21,0.5,09:50,3.7,15:42,0.4,22:19,3.8
18,Sa,4,2026,04:05,0.4,10:35,3.8,16:26,0.3,23:03,3.8
19,Su,4,2026,04:50,0.3,11:21,3.8,17:11,0.3,23:48,3.8
20,Mo,4,2026,05:36,0.4,12:08,3.7,17:57,0.4,,
21,Tu,4,2026,00:35,3.7,06:25,0.6,12:57,3.5,18:45,0.6
22,We,4,2026,01:25,3.5,07:16,0.8,13:50,3.3,19:37,0.8
23,Th,4,2026,02:20,3.4,08:14,1.0,14:49,3.1,20:35,1.0
24,Fr,4,2026,03:23,3.2,09:20,1.1,15:56,3.0,21:43,1.2
25,Sa,4,2026,04:32,3.1,10:34,1.2,17:07,3.0,23:03,1.2
26,Su,4,2026,05:41,3.1,11:46,1.1,18:16,3.0,,
27,Mo,4,2026,00:15,1.2,06:43,3.2,12:46,1.0,19:15,3.1
28,Tu,4,2026,01:13,1.0,07:37,3.3,13:36,0.9,20:06,3.3
29,We,4,2026,02:01,0.9,08:24,3.4,14:20,0.8,20:51,3.4
30,Th,4,2026,02:44,0.8,09:07,3.4,15:01,0.7,21:31,3.5
1,Fr,5,2026,03:23,0.8,09:46,3.4,15:38,0.7,22:10,3.5
2,Sa,5,2026,04:00,0.7,10:24,3.4,16:14,0.7,22:46,3.5
3,Su,5,2026,04:36,0.8,11:01,3.4,16:49,0.7,23:22,3.5
4,Mo,5,2026,05:11,0.8,11:36,3.3,17:24,0.8,23:57,3.4
5,Tu,5,2026,05:47,0.9,12:12,3.2,18:00,0.9,,
6,We,5,2026,00:33,3.3,06:25,1.0,12:49,3.1,18:38,1.0
7,Th,5,2026,01:10,3.2,07:06,1.1,13:29,3.0,19:20,1.1
8,Fr,5,2026,01:52,3.1,07:51,1.2,14:14,2.9,20:06,1.2
9,Sa,5,2026,02:41,3.0,08:43,1.3,15:07,2.8,21:00,1.3
10,Su,5,2026,03:39,3.0,09:42,1.3,16:10,2.8,22:03,1.3
11,Mo,5,2026,04:44,3.0,10:45,1.2,17:20,2.9,23:11,1.3
12,Tu,5,2026,05:49,3.1,11:47,1.1,18:25,3.0,,
13,We,5,2026,00:15,1.1,06:47,3.2,12:44,0.9,19:23,3.2
14,Th,5,2026,01:12,0.9,07:41,3.4,13:36,0.7,20:15,3.4
15,Fr,5,2026,02:05,0.7,08:33,3.5,14:27,0.5,21:06,3.6
16,Sa,5,2026,02:55,0.6,09:23,3.6,15:16,0.4,21:54,3.7
17,Su,5,2026,03:44,0.4,10:13,3.7,16:05,0.3,22:43,3.8
18,Mo,5,2026,04:33,0.4,11:03,3.7,16:53,0.4,23:32,3.8
19,Tu,5,2026,05:22,0.5,11:54,3.6,17:42,0.5,,
20,We,5,2026,00:22,3.7,06:13,0.6,12:46,3.5,18:32,0.6
21,Th,5,2026,01:14,3.6,07:06,0.7,13:40,3.3,19:25,0.8
22,Fr,5,2026,02:08,3.5,08:02,0.9,14:38,3.2,20:21,1.0
23,Sa,5,2026,03:06,3.3,09:03,1.0,15:39,3.1,21:24,1.1
24,Su,5,2026,04:08,3.2,10:08,1.1,16:42,3.0,22:34,1.2
25,Mo,5,2026,05:09,3.2,11:12,1.1,17:43,3.0,23:42,1.2
26,Tu,5,2026,06:07,3.2,12:10,1.0,18:40,3.1,,
27,We,5,2026,00:41,1.1,07:01,3.2,13:02,1.0,19:31,3.2
28,Th,5,2026,01:31,1.0,07:49,3.2,13:48,0.9,20:18,3.3
29,Fr,5,2026,02:16,1.0,08:34,3.2,14:31,0.9,21:01,3.3
30,Sa,5,2026,02:58,0.9,09:17,3.3,15:12,0.8,21:42,3.4
31,Su,5,2026,03:37,0.9,09:57,3.3,15:50,0.8,22:21,3.4
1,Mo,6,2026,04:14,0.9,10:37,3.3,16:26,0.8,22:59,3.4
2,Tu,6,2026,04:50,0.9,11:15,3.2,17:03,0.8,23:36,3.4
3,We,6,2026,05:27,0.9,11:54,3.2,17:40,0.9,,
4,Th,6,2026,00:14,3.3,06:06,1.0,12:32,3.1,18:19,0.9
5,Fr,6,2026,00:52,3.3,06:46,1.0,13:12,3.1,18:59,1.0
6,Sa,6,2026,01:32,3.2,07:29,1.1,13:54,3.0,19:43,1.1
7,Su,6,2026,02:16,3.2,08:16,1.1,14:40,3.0,20:32,1.1
8,Mo,6,2026,03:04,3.1,09:07,1.1,15:33,3.0,21:26,1.2
9,Tu,6,2026,04:00,3.1,10:03,1.1,16:34,3.0,22:28,1.2
10,We,6,2026,05:01,3.1,11:02,1.0,17:41,3.1,23:33,1.1
11,Th,6,2026,06:04,3.2,12:04,0.9,18:45,3.2,,
12,Fr,6,2026,00:37,1.0,07:06,3.3,13:03,0.8,19:45,3.4
13,Sa,6,2026,01:37,0.8,08:04,3.4,14:01,0.6,20:41,3.5
14,Su,6,2026,02:33,0.7,09:01,3.5,14:55,0.5,21:35,3.7
15,Mo,6,2026,03:27,0.5,09:56,3.6,15:48,0.4,22:27,3.8
16,Tu,6,2026,04:19,0.5,10:49,3.6,16:39,0.4,23:17,3.8
17,We,6,2026,05:10,0.5,11:42,3.6,17:29,0.5,,
18,Th,6,2026,00:08,3.8,06:00,0.5,12:34,3.5,18:18,0.6
19,Fr,6,2026,00:58,3.7,06:51,0.6,13:25,3.4,19:08,0.7
20,Sa,6,2026,01:49,3.6,07:42,0.8,14:17,3.3,19:59,0.9
21,Su,6,2026,02:41,3.4,08:35,0.9,15:10,3.2,20:54,1.0
22,Mo,6,2026,03:34,3.3,09:30,1.0,16:05,3.1,21:54,1.2
23,Tu,6,2026,04:30,3.1,10:27,1.1,17:02,3.0,22:59,1.2
24,We,6,2026,05:25,3.1,11:27,1.1,17:59,3.0,,
25,Th,6,2026,00:03,1.3,06:20,3.0,12:24,1.1,18:54,3.1
26,Fr,6,2026,01:00,1.2,07:13,3.0,13:17,1.1,19:46,3.1
27,Sa,6,2026,01:50,1.2,08:03,3.1,14:06,1.0,20:33,3.2
28,Su,6,2026,02:35,1.1,08:50,3.1,14:50,1.0,21:18,3.3
29,Mo,6,2026,03:16,1.0,09:35,3.2,15:30,0.9,21:59,3.4
30,Tu,6,2026,03:55,1.0,10:17,3.2,16:08,0.9,22:39,3.4
1,We,7,2026,04:32,0.9,10:58,3.2,16:44,0.8,23:17,3.4
2,Th,7,2026,05:08,0.9,11:36,3.3,17:21,0.8,23:54,3.4
3,Fr,7,2026,05:45,0.8,12:14,3.2,17:58,0.8,,
4,Sa,7,2026,00:31,3.4,06:24,0.8,12:52,3.2,18:37,0.8
5,Su,7,2026,01:09,3.4,07:05,0.8,13:31,3.2,19:19,0.9
6,Mo,7,2026,01:49,3.3,07:48,0.9,14:13,3.1,20:04,1.0
7,Tu,7,2026,02:33,3.3,08:35,0.9,15:00,3.1,20:54,1.0
8,We,7,2026,03:23,3.2,09:27,0.9,15:57,3.1,21:52,1.1
9,Th,7,2026,04:22,3.2,10:25,1.0,17:04,3.1,22:59,1.1
10,Fr,7,2026,05:29,3.1,11:30,1.0,18:15,3.1,,
11,Sa,7,2026,00:10,1.1,06:38,3.2,12:37,0.9,19:22,3.3
12,Su,7,2026,01:17,0.9,07:44,3.3,13:42,0.8,20:23,3.5
13,Mo,7,2026,02:18,0.8,08:45,3.4,14:41,0.6,21:19,3.7
14,Tu,7,2026,03:13,0.6,09:43,3.5,15:35,0.5,22:12,3.8
15,We,7,2026,04:06,0.5,10:37,3.6,16:26,0.4,23:02,3.8
16,Th,7,2026,04:55,0.4,11:27,3.6,17:14,0.4,23:50,3.8
17,Fr,7,2026,05:42,0.5,12:16,3.6,18:00,0.5,,
18,Sa,7,2026,00:36,3.7,06:28,0.5,13:02,3.5,18:45,0.6
19,Su,7,2026,01:22,3.6,07:13,0.7,13:47,3.4,19:30,0.8
20,Mo,7,2026,02:07,3.4,07:58,0.8,14:33,3.2,20:17,1.0
21,Tu,7,2026,02:54,3.3,08:45,1.0,15:22,3.1,21:08,1.2
22,We,7,2026,03:44,3.1,09:36,1.1,16:15,3.0,22:08,1.3
23,Th,7,2026,04:38,3.0,10:34,1.2,17:15,2.9,23:19,1.4
24,Fr,7,2026,05:37,2.9,11:41,1.3,18:16,2.9,,
25,Sa,7,2026,00:29,1.4,06:38,2.9,12:48,1.3,19:14,3.0
26,Su,7,2026,01:27,1.3,07:35,2.9,13:44,1.2,20:07,3.1
27,Mo,7,2026,02:16,1.2,08:28,3.0,14:31,1.1,20:55,3.2
28,Tu,7,2026,02:57,1.1,09:15,3.1,15:12,1.0,21:38,3.3
29,We,7,2026,03:35,1.0,09:58,3.2,15:48,0.8,22:17,3.5
30,Th,7,2026,04:10,0.8,10:38,3.3,16:24,0.7,22:55,3.5
31,Fr,7,2026,04:45,0.7,11:16,3.4,16:59,0.7,23:31,3.6
1,Sa,8,2026,05:21,0.7,11:52,3.4,17:35,0.6,,
2,Su,8,2026,00:07,3.6,05:59,0.6,12:29,3.4,18:14,0.7
3,Mo,8,2026,00:44,3.5,06:38,0.6,13:06,3.4,18:54,0.7
4,Tu,8,2026,01:23,3.5,07:20,0.7,13:47,3.3,19:38,0.8
5,We,8,2026,02:06,3.4,08:05,0.8,14:33,3.2,20:27,1.0
6,Th,8,2026,02:55,3.2,08:56,0.9,15:29,3.1,21:25,1.1
7,Fr,8,2026,03:54,3.1,09:55,1.0,16:38,3.1,22:34,1.2
8,Sa,8,2026,05:06,3.0,11:05,1.1,17:55,3.1,23:52,1.2
9,Su,8,2026,06:22,3.1,12:20,1.0,19:06,3.2,,
10,Mo,8,2026,01:04,1.0,07:32,3.2,13:30,0.9,20:09,3.4
11,Tu,8,2026,02:07,0.8,08:35,3.3,14:30,0.7,21:05,3.6
12,We,8,2026,03:01,0.6,09:31,3.5,15:22,0.5,21:56,3.8
13,Th,8,2026,03:50,0.5,10:22,3.6,16:10,0.4,22:43,3.9
14,Fr,8,2026,04:36,0.4,11:08,3.7,16:54,0.4,23:27,3.8
15,Sa,8,2026,05:19,0.4,11:51,3.7,17:36,0.5,,
16,Su,8,2026,00:09,3.8,06:00,0.5,12:33,3.6,18:17,0.6
17,Mo,8,2026,00:50,3.6,06:40,0.6,13:13,3.4,18:57,0.8
18,Tu,8,2026,01:30,3.4,07:19,0.8,13:53,3.3,19:38,1.0
19,We,8,2026,02:11,3.2,08:00,1.0,14:35,3.1,20:22,1.2
20,Th,8,2026,02:55,3.0,08:44,1.2,15:25,3.0,21:15,1.4
21,Fr,8,2026,03:47,2.9,09:38,1.3,16:26,2.9,22:26,1.5
22,Sa,8,2026,04:52,2.8,10:50,1.4,17:36,2.8,23:54,1.5
23,Su,8,2026,06:03,2.7,12:17,1.4,18:43,2.9,,
24,Mo,8,2026,01:03,1.4,07:09,2.8,13:23,1.3,19:40,3.0
25,Tu,8,2026,01:53,1.3,08:05,3.0,14:10,1.1,20:29,3.2
26,We,8,2026,02:33,1.1,08:52,3.1,14:48,1.0,21:12,3.4
27,Th,8,2026,03:08,0.9,09:34,3.3,15:23,0.8,21:50,3.5
28,Fr,8,2026,03:43,0.7,10:13,3.4,15:58,0.7,22:27,3.6
29,Sa,8,2026,04:18,0.6,10:50,3.5,16:34,0.5,23:04,3.7
30,Su,8,2026,04:54,0.5,11:27,3.6,17:11,0.5,23:41,3.7
31,Mo,8,2026,05:33,0.5,12:04,3.6,17:50,0.5,,
1,Tu,9,2026,00:19,3.6,06:12,0.5,12:43,3.5,18:31,0.6
2,We,9,2026,01:00,3.5,06:55,0.6,13:25,3.4,19:16,0.8
3,Th,9,2026,01:44,3.4,07:40,0.7,14:13,3.3,20:06,0.9
4,Fr,9,2026,02:35,3.2,08:32,0.9,15:11,3.1,21:06,1.1
5,Sa,9,2026,03:37,3.0,09:33,1.1,16:23,3.0,22:20,1.2
6,Su,9,2026,04:54,2.9,10:49,1.2,17:42,3.1,23:42,1.2
7,Mo,9,2026,06:13,3.0,12:11,1.1,18:54,3.2,,
8,Tu,9,2026,00:55,1.0,07:24,3.1,13:21,0.9,19:55,3.4
9,We,9,2026,01:54,0.8,08:24,3.3,14:17,0.7,20:49,3.6
10,Th,9,2026,02:44,0.6,09:16,3.5,15:06,0.6,21:36,3.8
11,Fr,9,2026,03:30,0.5,10:02,3.6,15:50,0.4,22:20,3.8
12,Sa,9,2026,04:12,0.4,10:44,3.7,16:31,0.4,23:00,3.8
13,Su,9,2026,04:51,0.4,11:23,3.7,17:09,0.5,23:39,3.7
14,Mo,9,2026,05:29,0.5,12:01,3.6,17:47,0.6,,
15,Tu,9,2026,00:17,3.5,06:06,0.6,12:38,3.5,18:24,0.8
16,We,9,2026,00:53,3.4,06:42,0.8,13:14,3.3,19:02,1.0
17,Th,9,2026,01:30,3.2,07:20,1.0,13:52,3.1,19:43,1.2
18,Fr,9,2026,02:09,3.0,08:01,1.2,14:37,3.0,20:31,1.4
19,Sa,9,2026,02:58,2.8,08:50,1.4,15:36,2.8,21:34,1.5
20,Su,9,2026,04:04,2.7,09:55,1.5,16:52,2.8,23:04,1.6
21,Mo,9,2026,05:25,2.7,11:30,1.5,18:06,2.8,,
22,Tu,9,2026,00:26,1.5,06:37,2.8,12:48,1.4,19:06,3.0
23,We,9,2026,01:17,1.3,07:35,2.9,13:37,1.2,19:56,3.2
24,Th,9,2026,01:57,1.1,08:22,3.1,14:15,1.0,20:39,3.4
25,Fr,9,2026,02:34,0.9,09:04,3.3,14:52,0.8,21:19,3.5
26,Sa,9,2026,03:10,0.6,09:44,3.5,15:29,0.6,21:57,3.7
27,Su,9,2026,04:48,0.5,11:22,3.6,17:07,0.5,23:36,3.7
28,Mo,9,2026,05:27,0.4,12:01,3.7,17:47,0.4,,
29,Tu,9,2026,00:16,3.7,06:07,0.4,12:42,3.7,18:28,0.4
30,We,9,2026,00:57,3.7,06:50,0.4,13:23,3.6,19:12,0.6
1,Th,10,2026,01:41,3.5,07:34,0.5,14:09,3.5,20:00,0.7
2,Fr,10,2026,02:29,3.3,08:21,0.7,15:00,3.3,20:53,0.9
3,Sa,10,2026,03:24,3.2,09:15,1.0,16:00,3.2,21:55,1.1
4,Su,10,2026,04:29,3.0,10:19,1.1,17:12,3.1,23:10,1.2
5,Mo,10,2026,05:46,2.9,11:37,1.2,18:28,3.1,,
6,Tu,10,2026,00:31,1.2,07:03,3.0,13:00,1.1,19:37,3.2
7,We,10,2026,01:40,1.0,08:10,3.1,14:06,1.0,20:36,3.4
8,Th,10,2026,02:35,0.8,09:06,3.3,14:59,0.8,21:27,3.6
9,Fr,10,2026,03:22,0.6,09:54,3.5,15:45,0.6,22:12,3.7
10,Sa,10,2026,04:05,0.5,10:37,3.6,16:27,0.5,22:53,3.7
11,Su,10,2026,04:45,0.5,11:17,3.7,17:06,0.5,23:32,3.6
12,Mo,10,2026,05:23,0.5,11:55,3.6,17:43,0.6,,
13,Tu,10,2026,00:10,3.6,05:59,0.6,12:32,3.6,18:20,0.7
14,We,10,2026,00:46,3.4,06:35,0.7,13:07,3.5,18:56,0.8
15,Th,10,2026,01:21,3.3,07:10,0.8,13:42,3.3,19:33,1.0
16,Fr,10,2026,01:57,3.1,07:47,1.0,14:19,3.2,20:13,1.2
17,Sa,10,2026,02:35,3.0,08:27,1.1,15:01,3.0,20:59,1.3
18,Su,10,2026,03:21,2.8,09:14,1.3,15:53,2.9,21:55,1.4
19,Mo,10,2026,04:20,2.7,10:12,1.4,17:02,2.8,23:05,1.5
20,Tu,10,2026,05:37,2.7,11:26,1.5,18:17,2.8,,
21,We,10,2026,00:21,1.4,06:53,2.8,12:47,1.4,19:21,3.0
22,Th,10,2026,01:23,1.3,07:54,2.9,13:47,1.2,20:14,3.1
23,Fr,10,2026,02:11,1.1,08:45,3.1,14:34,1.0,21:00,3.3
24,Sa,10,2026,02:54,0.8,09:30,3.3,15:17,0.8,21:44,3.5
25,Su,10,2026,03:36,0.6,10:13,3.5,15:59,0.6,22:27,3.6
26,Mo,10,2026,04:19,0.5,10:56,3.7,16:42,0.5,23:10,3.7
27,Tu,10,2026,05:02,0.4,11:38,3.8,17:26,0.4,23:54,3.7
28,We,10,2026,05:46,0.3,12:22,3.8,18:11,0.4,,
29,Th,10,2026,00:40,3.7,06:31,0.4,13:08,3.7,18:58,0.5
30,Fr,10,2026,01:28,3.5,07:18,0.5,13:57,3.6,19:48,0.7
31,Sa,10,2026,02:20,3.4,08:08,0.7,14:50,3.4,20:43,0.9
1,Su,11,2026,03:16,3.2,09:03,0.9,15:50,3.3,21:45,1.0
2,Mo,11,2026,04:21,3.0,10:06,1.1,16:57,3.2,22:55,1.1
3,Tu,11,2026,05:32,3.0,11:21,1.2,18:07,3.2,,
4,We,11,2026,00:09,1.1,06:43,3.0,12:38,1.2,19:12,3.2
5,Th,11,2026,01:14,1.0,07:46,3.1,13:42,1.0,20:09,3.3
6,Fr,11,2026,02:08,0.9,08:40,3.3,14:35,0.9,20:59,3.4
7,Sa,11,2026,02:56,0.7,09:28,3.4,15:21,0.8,21:44,3.5
8,Su,11,2026,03:39,0.7,10:11,3.5,16:03,0.7,22:26,3.5
9,Mo,11,2026,04:20,0.6,10:51,3.5,16:43,0.7,23:06,3.5
10,Tu,11,2026,04:58,0.6,11:29,3.6,17:20,0.7,23:44,3.4
11,We,11,2026,05:34,0.7,12:06,3.5,17:57,0.8,,
12,Th,11,2026,00:21,3.3,06:10,0.7,12:42,3.4,18:33,0.9
13,Fr,11,2026,00:57,3.2,06:46,0.8,13:18,3.4,19:11,1.0
14,Sa,11,2026,01:34,3.1,07:23,0.9,13:55,3.2,19:50,1.1
15,Su,11,2026,02:12,3.0,08:03,1.1,14:35,3.1,20:34,1.2
16,Mo,11,2026,02:55,2.9,08:47,1.2,15:21,3.0,21:23,1.3
17,Tu,11,2026,03:45,2.8,09:37,1.3,16:15,3.0,22:18,1.3
18,We,11,2026,04:45,2.8,10:36,1.4,17:18,2.9,23:19,1.3
19,Th,11,2026,05:55,2.8,11:42,1.4,18:23,3.0,,
20,Fr,11,2026,00:21,1.2,07:02,2.9,12:49,1.3,19:23,3.1
21,Sa,11,2026,01:19,1.1,08:01,3.1,13:49,1.1,20:18,3.3
22,Su,11,2026,02:13,0.9,08:54,3.3,14:42,0.9,21:09,3.4
23,Mo,11,2026,03:04,0.7,09:43,3.5,15:32,0.7,21:59,3.6
24,Tu,11,2026,03:53,0.5,10:32,3.7,16:20,0.5,22:48,3.6
25,We,11,2026,04:41,0.4,11:19,3.8,17:09,0.5,23:38,3.7
26,Th,11,2026,05:29,0.3,12:07,3.8,17:57,0.4,,
27,Fr,11,2026,00:28,3.6,06:17,0.4,12:56,3.8,18:47,0.5
28,Sa,11,2026,01:18,3.6,07:06,0.5,13:46,3.7,19:38,0.6
29,Su,11,2026,02:11,3.4,07:56,0.6,14:38,3.6,20:31,0.8
30,Mo,11,2026,03:06,3.3,08:49,0.8,15:34,3.4,21:28,0.9
1,Tu,12,2026,04:04,3.2,09:47,1.0,16:33,3.3,22:29,1.0
2,We,12,2026,05:07,3.1,10:53,1.1,17:35,3.2,23:34,1.0
3,Th,12,2026,06:10,3.0,12:03,1.2,18:37,3.2,,
4,Fr,12,2026,00:38,1.0,07:12,3.1,13:10,1.2,19:34,3.2
5,Sa,12,2026,01:35,1.0,08:07,3.2,14:07,1.1,20:27,3.2
6,Su,12,2026,02:27,0.9,08:58,3.2,14:56,1.0,21:15,3.2
7,Mo,12,2026,03:14,0.9,09:44,3.3,15:41,0.9,22:00,3.3
8,Tu,12,2026,03:57,0.8,10:27,3.4,16:23,0.9,22:43,3.3
9,We,12,2026,04:37,0.8,11:07,3.4,17:02,0.9,23:23,3.3
10,Th,12,2026,05:15,0.8,11:46,3.5,17:39,0.9,,
11,Fr,12,2026,00:02,3.3,05:51,0.8,12:23,3.4,18:15,0.9
12,Sa,12,2026,00:40,3.2,06:27,0.8,13:00,3.4,18:52,0.9
13,Su,12,2026,01:17,3.2,07:04,0.9,13:36,3.4,19:30,1.0
14,Mo,12,2026,01:54,3.1,07:42,0.9,14:13,3.3,20:10,1.0
15,Tu,12,2026,02:32,3.1,08:22,1.0,14:53,3.2,20:53,1.1
16,We,12,2026,03:14,3.0,09:06,1.1,15:37,3.1,21:39,1.1
17,Th,12,2026,04:01,3.0,09:55,1.2,16:27,3.1,22:31,1.1
18,Fr,12,2026,04:58,2.9,10:53,1.2,17:26,3.1,23:29,1.1
19,Sa,12,2026,06:06,2.9,11:58,1.2,18:31,3.1,,
20,Su,12,2026,00:31,1.1,07:16,3.0,13:06,1.2,19:37,3.2
21,Mo,12,2026,01:35,0.9,08:20,3.2,14:10,1.0,20:38,3.3
22,Tu,12,2026,02:35,0.8,09:18,3.4,15:09,0.8,21:36,3.4
23,We,12,2026,03:32,0.6,10:12,3.6,16:03,0.6,22:32,3.5
24,Th,12,2026,04:25,0.5,11:04,3.8,16:55,0.5,23:25,3.6
25,Fr,12,2026,05:16,0.4,11:54,3.9,17:46,0.4,,
26,Sa,12,2026,00:17,3.7,06:05,0.3,12:43,3.9,18:35,0.4
27,Su,12,2026,01:07,3.6,06:54,0.4,13:32,3.8,19:24,0.5
28,Mo,12,2026,01:57,3.6,07:42,0.5,14:21,3.7,20:13,0.6
29,Tu,12,2026,02:47,3.4,08:30,0.7,15:11,3.6,21:03,0.7
30,We,12,2026,03:38,3.3,09:21,0.9,16:03,3.4,21:55,0.9
31,Th,12,2026,04:32,3.2,10:17,1.1,16:57,3.2,22:51,1.0
