162,North Cape / Otou,34°25'S,173°02'E                                          
Based on constituent set with reference date:,01-Jul-2014
Local Std or Daylight Time,Tidal heights in metres.
1,Th,1,2026,06:18,2.3,12:25,0.8,18:29,2.3,,
2,Fr,1,2026,00:54,0.5,07:19,2.4,13:27,0.7,19:30,2.4
3,Sa,1,2026,01:52,0.4,08:16,2.5,14:26,0.6,20:29,2.4
4,Su,1,2026,02:47,0.4,09:09,2.6,15:21,0.6,21:24,2.4
5,Mo,1,2026,03:39,0.3,10:00,2.6,16:14,0.5,22:17,2.4
6,Tu,1,2026,04:28,0.4,10:49,2.6,17:05,0.5,23:07,2.4
7,We,1,2026,05:16,0.4,11:36,2.6,17:53,0.6,23:55,2.4
8,Th,1,2026,06:02,0.5,12:22,2.5,18:41,0.6,,
9,Fr,1,2026,00:43,2.3,06:49,0.6,13:07,2.4,19:27,0.7
10,Sa,1,2026,01:31,2.2,07:36,0.8,13:53,2.3,20:14,0.7
11,Su,1,2026,02:22,2.1,08:26,0.9,14:40,2.2,21:03,0.8
12,Mo,1,2026,03:17,2.0,09:21,1.0,15:30,2.1,21:56,0.9
13,Tu,1,2026,04:17,2.0,10:20,1.0,16:24,2.0,22:52,0.9
14,We,1,2026,05:19,2.0,11:22,1.1,17:21,2.0,23:50,0.9
15,Th,1,2026,06:18,2.0,12:21,1.0,18:18,2.0,,
16,Fr,1,2026,00:45,0.8,07:11,2.1,13:14,1.0,19:12,2.0
17,Sa,1,2026,01:35,0.8,07:58,2.2,14:02,0.9,20:00,2.1
18,Su,1,2026,02:19,0.7,08:40,2.2,14:46,0.9,20:44,2.2
19,Mo,1,2026,03:00,0.7,09:18,2.3,15:26,0.8,21:25,2.2
20,Tu,1,2026,03:38,0.6,09:56,2.4,16:05,0.7,22:04,2.3
21,We,1,2026,04:15,0.6,10:32,2.4,16:44,0.7,22:43,2.3
22,Th,1,2026,04:52,0.5,11:10,2.5,17:23,0.6,23:23,2.3
23,Fr,1,2026,05:30,0.6,11:48,2.5,18:04,0.6,,
24,Sa,1,2026,00:05,2.3,06:11,0.6,12:29,2.5,18:46,0.6
25,Su,1,2026,00:50,2.3,06:55,0.7,13:12,2.4,19:32,0.6
26,Mo,1,2026,01:40,2.2,07:45,0.7,14:00,2.4,20:23,0.6
27,Tu,1,2026,02:36,2.2,08:43,0.8,14:55,2.3,21:20,0.7
28,We,1,2026,03:40,2.2,09:49,0.9,15:57,2.2,22:24,0.7
29,Th,1,2026,04:51,2.2,11:00,0.9,17:05,2.2,23:32,0.7
30,Fr,1,2026,06:01,2.2,12:11,0.9,18:14,2.2,,
31,Sa,1,2026,00:39,0.6,07:06,2.3,13:17,0.8,19:20,2.3
1,Su,2,2026,01:40,0.5,08:03,2.4,14:16,0.7,20:20,2.3
2,Mo,2,2026,02:35,0.5,08:55,2.5,15:09,0.6,21:13,2.4
3,Tu,2,2026,03:24,0.4,09:43,2.6,15:58,0.5,22:02,2.4
4,We,2,2026,04:10,0.4,10:28,2.6,16:44,0.5,22:47,2.4
5,Th,2,2026,04:54,0.5,11:10,2.5,17:27,0.5,23:31,2.4
6,Fr,2,2026,05:36,0.5,11:51,2.5,18:08,0.6,,
7,Sa,2,2026,00:13,2.3,06:17,0.6,12:30,2.4,18:48,0.6
8,Su,2,2026,00:55,2.2,06:59,0.8,13:10,2.3,19:29,0.7
9,Mo,2,2026,01:39,2.1,07:44,0.9,13:52,2.2,20:13,0.8
10,Tu,2,2026,02:28,2.1,08:34,1.0,14:39,2.1,21:03,0.9
11,We,2,2026,03:25,2.0,09:32,1.1,15:33,2.0,22:01,0.9
12,Th,2,2026,04:30,2.0,10:36,1.1,16:35,1.9,23:06,0.9
13,Fr,2,2026,05:37,2.0,11:42,1.1,17:40,1.9,,
14,Sa,2,2026,00:09,0.9,06:36,2.0,12:41,1.0,18:40,2.0
15,Su,2,2026,01:04,0.8,07:26,2.1,13:32,1.0,19:32,2.1
16,Mo,2,2026,01:51,0.8,08:09,2.2,14:17,0.9,20:18,2.2
17,Tu,2,2026,02:32,0.7,08:49,2.3,14:58,0.8,21:00,2.2
18,We,2,2026,03:11,0.6,09:26,2.4,15:38,0.7,21:40,2.3
19,Th,2,2026,03:49,0.5,10:03,2.5,16:17,0.6,22:20,2.4
20,Fr,2,2026,04:27,0.5,10:41,2.5,16:57,0.5,23:01,2.4
21,Sa,2,2026,05:07,0.5,11:21,2.5,17:38,0.5,23:44,2.4
22,Su,2,2026,05:50,0.6,12:03,2.5,18:21,0.5,,
23,Mo,2,2026,00:30,2.4,06:36,0.6,12:48,2.4,19:07,0.5
24,Tu,2,2026,01:20,2.3,07:28,0.7,13:38,2.3,19:59,0.6
25,We,2,2026,02:17,2.2,08:27,0.8,14:35,2.2,20:58,0.7
26,Th,2,2026,03:23,2.2,09:35,0.9,15:41,2.2,22:06,0.7
27,Fr,2,2026,04:36,2.2,10:50,0.9,16:54,2.1,23:18,0.7
28,Sa,2,2026,05:48,2.2,12:02,0.9,18:06,2.1,,
1,Su,3,2026,00:27,0.7,06:52,2.3,13:07,0.8,19:12,2.2
2,Mo,3,2026,01:27,0.6,07:48,2.4,14:03,0.7,20:08,2.3
3,Tu,3,2026,02:19,0.5,08:37,2.5,14:52,0.6,20:58,2.4
4,We,3,2026,03:06,0.5,09:21,2.5,15:36,0.5,21:42,2.4
5,Th,3,2026,03:48,0.5,10:01,2.5,16:17,0.5,22:24,2.4
6,Fr,3,2026,04:29,0.5,10:40,2.5,16:56,0.5,23:03,2.4
7,Sa,3,2026,05:07,0.6,11:17,2.4,17:33,0.6,23:41,2.3
8,Su,3,2026,05:46,0.7,11:53,2.3,18:09,0.6,,
9,Mo,3,2026,00:20,2.3,06:25,0.8,12:31,2.2,18:47,0.7
10,Tu,3,2026,01:01,2.2,07:07,0.9,13:11,2.1,19:29,0.8
11,We,3,2026,01:46,2.1,07:54,1.0,13:57,2.0,20:16,0.9
12,Th,3,2026,02:40,2.0,08:50,1.1,14:50,2.0,21:14,0.9
13,Fr,3,2026,03:43,2.0,09:54,1.1,15:52,1.9,22:20,1.0
14,Sa,3,2026,04:51,2.0,11:01,1.1,17:00,1.9,23:27,0.9
15,Su,3,2026,05:53,2.0,12:02,1.0,18:04,2.0,,
16,Mo,3,2026,00:25,0.9,06:45,2.1,12:55,0.9,18:58,2.1
17,Tu,3,2026,01:14,0.8,07:30,2.2,13:41,0.8,19:46,2.2
18,We,3,2026,01:57,0.7,08:11,2.3,14:24,0.7,20:30,2.3
19,Th,3,2026,02:39,0.6,08:51,2.5,15:06,0.6,21:13,2.4
20,Fr,3,2026,03:20,0.5,09:31,2.5,15:47,0.4,21:56,2.5
21,Sa,3,2026,04:02,0.5,10:12,2.6,16:29,0.4,22:39,2.5
22,Su,3,2026,04:46,0.5,10:55,2.6,17:12,0.4,23:25,2.5
23,Mo,3,2026,05:32,0.5,11:41,2.5,17:58,0.4,,
24,Tu,3,2026,00:13,2.5,06:22,0.6,12:30,2.4,18:47,0.5
25,We,3,2026,01:05,2.4,07:17,0.7,13:24,2.3,19:41,0.6
26,Th,3,2026,02:04,2.3,08:20,0.8,14:24,2.2,20:43,0.7
27,Fr,3,2026,03:11,2.2,09:29,0.9,15:33,2.1,21:53,0.8
28,Sa,3,2026,04:23,2.2,10:42,0.9,16:47,2.1,23:06,0.8
29,Su,3,2026,05:33,2.2,11:50,0.8,17:57,2.1,,
30,Mo,3,2026,00:12,0.7,06:33,2.3,12:51,0.8,18:59,2.2
31,Tu,3,2026,01:09,0.7,07:25,2.3,13:42,0.7,19:51,2.3
1,We,4,2026,01:58,0.6,08:11,2.4,14:28,0.6,20:38,2.3
2,Th,4,2026,02:42,0.6,08:52,2.4,15:09,0.6,21:19,2.4
3,Fr,4,2026,03:23,0.6,09:31,2.4,15:47,0.5,21:58,2.4
4,Sa,4,2026,04:02,0.6,10:07,2.4,16:23,0.5,22:35,2.4
5,Su,4,2026,03:39,0.7,09:44,2.3,15:59,0.6,22:12,2.3
6,Mo,4,2026,04:17,0.8,10:20,2.3,16:35,0.6,22:49,2.3
7,Tu,4,2026,04:56,0.8,10:58,2.2,17:12,0.7,23:29,2.2
8,We,4,2026,05:38,0.9,11:38,2.1,17:53,0.8,,
9,Th,4,2026,00:13,2.1,06:24,1.0,12:23,2.0,18:40,0.9
10,Fr,4,2026,01:04,2.1,07:17,1.0,13:15,2.0,19:34,0.9
11,Sa,4,2026,02:03,2.0,08:17,1.1,14:15,1.9,20:36,1.0
12,Su,4,2026,03:05,2.0,09:19,1.0,15:19,1.9,21:40,0.9
13,Mo,4,2026,04:04,2.1,10:18,1.0,16:22,2.0,22:38,0.9
14,Tu,4,2026,04:57,2.2,11:12,0.9,17:19,2.1,23:31,0.8
15,We,4,2026,05:44,2.3,12:01,0.7,18:11,2.2,,
16,Th,4,2026,00:19,0.7,06:29,2.4,12:47,0.6,18:59,2.3
17,Fr,4,2026,01:05,0.6,07:14,2.5,13:32,0.5,19:45,2.5
18,Sa,4,2026,01:51,0.5,07:59,2.5,14:17,0.4,20:32,2.5
19,Su,4,2026,02:38,0.5,08:45,2.6,15:03,0.3,21:19,2.6
20,Mo,4,2026,03:27,0.5,09:33,2.5,15:50,0.3,22:07,2.6
21,Tu,4,2026,04:18,0.6,10:24,2.5,16:40,0.4,22:59,2.5
22,We,4,2026,05:12,0.6,11:17,2.4,17:32,0.5,23:54,2.4
23,Th,4,2026,06:10,0.7,12:14,2.3,18:29,0.6,,
24,Fr,4,2026,00:54,2.3,07:13,0.8,13:16,2.2,19:31,0.7
25,Sa,4,2026,01:59,2.3,08:20,0.8,14:24,2.1,20:38,0.8
26,Su,4,2026,03:06,2.2,09:27,0.8,15:34,2.1,21:46,0.8
27,Mo,4,2026,04:08,2.2,10:30,0.8,16:40,2.1,22:48,0.8
28,Tu,4,2026,05:05,2.3,11:25,0.7,17:38,2.2,23:43,0.8
29,We,4,2026,05:54,2.3,12:15,0.7,18:29,2.2,,
30,Th,4,2026,00:32,0.8,06:39,2.3,12:59,0.6,19:13,2.3
1,Fr,5,2026,01:16,0.7,07:20,2.3,13:39,0.6,19:54,2.3
2,Sa,5,2026,01:57,0.7,07:59,2.3,14:16,0.6,20:32,2.3
3,Su,5,2026,02:36,0.8,08:37,2.3,14:53,0.6,21:09,2.3
4,Mo,5,2026,03:14,0.8,09:14,2.2,15:29,0.6,21:46,2.3
5,Tu,5,2026,03:52,0.8,09:52,2.2,16:06,0.7,22:24,2.3
6,We,5,2026,04:32,0.8,10:31,2.2,16:44,0.7,23:04,2.2
7,Th,5,2026,05:14,0.9,11:12,2.1,17:25,0.8,23:47,2.2
8,Fr,5,2026,06:00,0.9,11:57,2.0,18:10,0.8,,
9,Sa,5,2026,00:35,2.1,06:50,1.0,12:46,2.0,19:00,0.9
10,Su,5,2026,01:27,2.1,07:43,1.0,13:41,2.0,19:54,0.9
11,Mo,5,2026,02:21,2.1,08:39,0.9,14:40,2.0,20:53,0.9
12,Tu,5,2026,03:15,2.2,09:34,0.9,15:41,2.0,21:52,0.9
13,We,5,2026,04:08,2.2,10:28,0.8,16:40,2.1,22:48,0.8
14,Th,5,2026,04:59,2.3,11:21,0.6,17:36,2.2,23:42,0.7
15,Fr,5,2026,05:50,2.4,12:11,0.5,18:29,2.4,,
16,Sa,5,2026,00:34,0.7,06:40,2.4,13:01,0.4,19:20,2.5
17,Su,5,2026,01:26,0.6,07:31,2.5,13:51,0.3,20:10,2.6
18,Mo,5,2026,02:18,0.6,08:23,2.5,14:41,0.3,21:01,2.6
19,Tu,5,2026,03:11,0.5,09:16,2.5,15:32,0.3,21:53,2.6
20,We,5,2026,04:06,0.6,10:10,2.4,16:24,0.4,22:46,2.6
21,Th,5,2026,05:02,0.6,11:05,2.4,17:18,0.5,23:42,2.5
22,Fr,5,2026,06:00,0.7,12:03,2.3,18:14,0.6,,
23,Sa,5,2026,00:39,2.4,07:00,0.7,13:03,2.2,19:13,0.7
24,Su,5,2026,01:39,2.3,08:01,0.7,14:06,2.1,20:15,0.8
25,Mo,5,2026,02:38,2.3,09:01,0.8,15:10,2.1,21:17,0.8
26,Tu,5,2026,03:35,2.2,09:59,0.8,16:12,2.1,22:17,0.9
27,We,5,2026,04:28,2.2,10:52,0.7,17:09,2.1,23:12,0.9
28,Th,5,2026,05:18,2.2,11:41,0.7,18:01,2.2,,
29,Fr,5,2026,00:02,0.9,06:04,2.2,12:26,0.7,18:46,2.2
30,Sa,5,2026,00:48,0.9,06:48,2.2,13:09,0.7,19:28,2.3
31,Su,5,2026,01:31,0.8,07:30,2.2,13:49,0.6,20:08,2.3
1,Mo,6,2026,02:12,0.8,08:10,2.2,14:27,0.6,20:46,2.3
2,Tu,6,2026,02:52,0.8,08:50,2.2,15:05,0.6,21:24,2.3
3,We,6,2026,03:32,0.8,09:29,2.2,15:43,0.7,22:02,2.3
4,Th,6,2026,04:12,0.8,10:09,2.2,16:21,0.7,22:42,2.3
5,Fr,6,2026,04:53,0.9,10:50,2.1,17:01,0.7,23:23,2.3
6,Sa,6,2026,05:37,0.9,11:33,2.1,17:43,0.8,,
7,Su,6,2026,00:06,2.2,06:22,0.9,12:19,2.1,18:28,0.8
8,Mo,6,2026,00:52,2.2,07:10,0.9,13:09,2.1,19:17,0.8
9,Tu,6,2026,01:40,2.2,08:00,0.8,14:04,2.1,20:12,0.9
10,We,6,2026,02:31,2.2,08:53,0.8,15:04,2.1,21:10,0.9
11,Th,6,2026,03:24,2.3,09:48,0.7,16:05,2.2,22:11,0.8
12,Fr,6,2026,04:20,2.3,10:45,0.6,17:05,2.3,23:11,0.8
13,Sa,6,2026,05:16,2.4,11:41,0.5,18:03,2.4,,
14,Su,6,2026,00:09,0.7,06:13,2.4,12:36,0.4,18:59,2.5
15,Mo,6,2026,01:07,0.6,07:10,2.4,13:31,0.4,19:53,2.6
16,Tu,6,2026,02:03,0.6,08:07,2.5,14:24,0.3,20:46,2.6
17,We,6,2026,02:59,0.5,09:02,2.5,15:17,0.3,21:39,2.6
18,Th,6,2026,03:54,0.5,09:57,2.4,16:09,0.4,22:31,2.6
19,Fr,6,2026,04:49,0.6,10:51,2.4,17:01,0.4,23:24,2.5
20,Sa,6,2026,05:43,0.6,11:45,2.3,17:54,0.5,,
21,Su,6,2026,00:16,2.5,06:37,0.6,12:41,2.2,18:48,0.7
22,Mo,6,2026,01:09,2.4,07:31,0.7,13:38,2.2,19:44,0.8
23,Tu,6,2026,02:02,2.3,08:25,0.7,14:37,2.1,20:42,0.9
24,We,6,2026,02:55,2.2,09:19,0.8,15:37,2.1,21:40,0.9
25,Th,6,2026,03:47,2.2,10:13,0.8,16:35,2.1,22:37,1.0
26,Fr,6,2026,04:40,2.1,11:05,0.8,17:29,2.1,23:31,1.0
27,Sa,6,2026,05:30,2.1,11:55,0.7,18:19,2.2,,
28,Su,6,2026,00:21,0.9,06:19,2.1,12:41,0.7,19:04,2.2
29,Mo,6,2026,01:07,0.9,07:05,2.1,13:25,0.7,19:45,2.3
30,Tu,6,2026,01:51,0.9,07:48,2.1,14:05,0.7,20:25,2.3
1,We,7,2026,02:32,0.8,08:29,2.2,14:44,0.6,21:03,2.3
2,Th,7,2026,03:11,0.8,09:09,2.2,15:22,0.6,21:41,2.3
3,Fr,7,2026,03:51,0.8,09:48,2.2,15:59,0.6,22:18,2.3
4,Sa,7,2026,04:30,0.8,10:28,2.2,16:36,0.6,22:56,2.3
5,Su,7,2026,05:11,0.8,11:08,2.2,17:15,0.7,23:36,2.3
6,Mo,7,2026,05:52,0.7,11:52,2.2,17:58,0.7,,
7,Tu,7,2026,00:18,2.3,06:37,0.7,12:39,2.1,18:45,0.8
8,We,7,2026,01:03,2.3,07:25,0.7,13:32,2.1,19:38,0.8
9,Th,7,2026,01:54,2.3,08:17,0.7,14:32,2.1,20:38,0.9
10,Fr,7,2026,02:49,2.3,09:15,0.7,15:36,2.2,21:42,0.9
11,Sa,7,2026,03:49,2.3,10:16,0.6,16:41,2.2,22:48,0.8
12,Su,7,2026,04:53,2.3,11:19,0.5,17:44,2.3,23:52,0.8
13,Mo,7,2026,05:56,2.3,12:19,0.5,18:43,2.5,,
14,Tu,7,2026,00:53,0.7,06:57,2.4,13:16,0.4,19:39,2.5
15,We,7,2026,01:51,0.6,07:55,2.4,14:10,0.3,20:31,2.6
16,Th,7,2026,02:46,0.5,08:49,2.5,15:02,0.3,21:22,2.6
17,Fr,7,2026,03:38,0.5,09:41,2.5,15:51,0.4,22:11,2.6
18,Sa,7,2026,04:28,0.5,10:32,2.4,16:40,0.4,22:59,2.6
19,Su,7,2026,05:17,0.5,11:21,2.4,17:28,0.5,23:46,2.5
20,Mo,7,2026,06:05,0.6,12:11,2.3,18:16,0.7,,
21,Tu,7,2026,00:32,2.4,06:53,0.7,13:02,2.2,19:07,0.8
22,We,7,2026,01:20,2.3,07:43,0.7,13:56,2.1,20:01,0.9
23,Th,7,2026,02:10,2.2,08:35,0.8,14:55,2.1,21:00,1.0
24,Fr,7,2026,03:04,2.1,09:30,0.8,15:56,2.0,22:01,1.0
25,Sa,7,2026,04:01,2.0,10:28,0.8,16:56,2.1,23:00,1.0
26,Su,7,2026,04:59,2.0,11:25,0.8,17:50,2.1,23:54,1.0
27,Mo,7,2026,05:53,2.0,12:16,0.8,18:39,2.2,,
28,Tu,7,2026,00:44,0.9,06:43,2.1,13:02,0.7,19:22,2.2
29,We,7,2026,01:28,0.9,07:27,2.1,13:43,0.7,20:01,2.3
30,Th,7,2026,02:09,0.8,08:08,2.2,14:21,0.6,20:38,2.4
31,Fr,7,2026,02:48,0.8,08:47,2.2,14:57,0.6,21:14,2.4
1,Sa,8,2026,03:25,0.7,09:25,2.3,15:33,0.6,21:50,2.4
2,Su,8,2026,04:03,0.7,10:03,2.3,16:10,0.6,22:26,2.4
3,Mo,8,2026,04:42,0.6,10:43,2.3,16:49,0.6,23:05,2.4
4,Tu,8,2026,05:22,0.6,11:26,2.3,17:31,0.7,23:47,2.4
5,We,8,2026,06:05,0.6,12:13,2.2,18:18,0.8,,
6,Th,8,2026,00:32,2.3,06:53,0.6,13:06,2.2,19:13,0.8
7,Fr,8,2026,01:24,2.3,07:48,0.7,14:07,2.2,20:15,0.9
8,Sa,8,2026,02:24,2.2,08:49,0.7,15:15,2.2,21:25,0.9
9,Su,8,2026,03:30,2.2,09:57,0.7,16:25,2.2,22:36,0.9
10,Mo,8,2026,04:39,2.2,11:04,0.6,17:31,2.3,23:42,0.8
11,Tu,8,2026,05:46,2.3,12:07,0.5,18:30,2.4,,
12,We,8,2026,00:43,0.7,06:48,2.4,13:04,0.4,19:24,2.5
13,Th,8,2026,01:38,0.6,07:43,2.4,13:56,0.4,20:14,2.6
14,Fr,8,2026,02:29,0.5,08:34,2.5,14:44,0.4,21:01,2.6
15,Sa,8,2026,03:17,0.4,09:22,2.5,15:30,0.4,21:45,2.6
16,Su,8,2026,04:02,0.5,10:08,2.5,16:14,0.5,22:28,2.5
17,Mo,8,2026,04:46,0.5,10:53,2.4,16:58,0.6,23:10,2.4
18,Tu,8,2026,05:28,0.6,11:37,2.3,17:42,0.7,23:53,2.3
19,We,8,2026,06:11,0.7,12:23,2.2,18:29,0.8,,
20,Th,8,2026,00:37,2.2,06:57,0.7,13:13,2.1,19:21,0.9
21,Fr,8,2026,01:26,2.1,07:48,0.8,14:10,2.0,20:19,1.0
22,Sa,8,2026,02:21,2.0,08:46,0.9,15:14,2.0,21:23,1.1
23,Su,8,2026,03:23,2.0,09:50,0.9,16:20,2.0,22:27,1.1
24,Mo,8,2026,04:27,2.0,10:53,0.9,17:19,2.1,23:25,1.0
25,Tu,8,2026,05:26,2.0,11:48,0.8,18:09,2.1,,
26,We,8,2026,00:16,0.9,06:18,2.1,12:34,0.8,18:52,2.2
27,Th,8,2026,01:00,0.8,07:02,2.2,13:15,0.7,19:31,2.3
28,Fr,8,2026,01:40,0.7,07:43,2.2,13:53,0.6,20:07,2.4
29,Sa,8,2026,02:18,0.7,08:22,2.3,14:30,0.6,20:43,2.5
30,Su,8,2026,02:56,0.6,09:00,2.4,15:06,0.5,21:19,2.5
31,Mo,8,2026,03:34,0.5,09:39,2.4,15:45,0.5,21:57,2.5
1,Tu,9,2026,04:13,0.5,10:20,2.4,16:25,0.6,22:37,2.5
2,We,9,2026,04:54,0.5,11:03,2.4,17:10,0.6,23:20,2.4
3,Th,9,2026,05:39,0.5,11:51,2.3,17:59,0.7,,
4,Fr,9,2026,00:09,2.3,06:29,0.6,12:46,2.3,18:57,0.8
5,Sa,9,2026,01:05,2.2,07:26,0.7,13:50,2.2,20:03,0.9
6,Su,9,2026,02:09,2.2,08:32,0.7,15:01,2.2,21:16,0.9
7,Mo,9,2026,03:21,2.1,09:44,0.7,16:13,2.2,22:28,0.8
8,Tu,9,2026,04:33,2.2,10:54,0.7,17:19,2.3,23:34,0.8
9,We,9,2026,05:40,2.2,11:55,0.6,18:16,2.4,,
10,Th,9,2026,00:31,0.6,06:38,2.3,12:49,0.5,19:06,2.5
11,Fr,9,2026,01:22,0.5,07:30,2.4,13:38,0.5,19:52,2.6
12,Sa,9,2026,02:09,0.5,08:17,2.5,14:23,0.4,20:35,2.6
13,Su,9,2026,02:52,0.4,09:00,2.5,15:06,0.5,21:16,2.5
14,Mo,9,2026,03:33,0.4,09:42,2.5,15:47,0.5,21:56,2.5
15,Tu,9,2026,04:12,0.5,10:23,2.4,16:28,0.6,22:35,2.4
16,We,9,2026,04:51,0.6,11:03,2.3,17:10,0.7,23:15,2.3
17,Th,9,2026,05:31,0.7,11:46,2.2,17:54,0.9,23:58,2.2
18,Fr,9,2026,06:14,0.8,12:33,2.1,18:43,1.0,,
19,Sa,9,2026,00:45,2.1,07:04,0.9,13:28,2.1,19:40,1.0
20,Su,9,2026,01:40,2.0,08:02,0.9,14:31,2.0,20:44,1.1
21,Mo,9,2026,02:44,1.9,09:09,1.0,15:39,2.0,21:50,1.1
22,Tu,9,2026,03:51,1.9,10:15,0.9,16:39,2.1,22:50,1.0
23,We,9,2026,04:53,2.0,11:12,0.9,17:30,2.1,23:41,0.9
24,Th,9,2026,05:46,2.1,11:59,0.8,18:14,2.2,,
25,Fr,9,2026,00:26,0.8,06:32,2.2,12:41,0.7,18:53,2.3
26,Sa,9,2026,01:06,0.7,07:14,2.3,13:21,0.6,19:31,2.4
27,Su,9,2026,01:46,0.6,08:54,2.4,15:00,0.6,21:09,2.5
28,Mo,9,2026,03:24,0.5,09:34,2.5,15:40,0.5,21:48,2.5
29,Tu,9,2026,04:04,0.4,10:15,2.5,16:21,0.5,22:29,2.5
30,We,9,2026,04:46,0.4,10:59,2.5,17:06,0.6,23:13,2.5
1,Th,10,2026,05:30,0.4,11:45,2.5,17:54,0.6,,
2,Fr,10,2026,00:01,2.4,06:18,0.5,12:36,2.4,18:48,0.7
3,Sa,10,2026,00:54,2.3,07:11,0.6,13:33,2.3,19:48,0.8
4,Su,10,2026,01:53,2.2,08:11,0.7,14:38,2.3,20:56,0.9
5,Mo,10,2026,03:00,2.1,09:19,0.7,15:49,2.2,22:09,0.9
6,Tu,10,2026,04:14,2.1,10:32,0.7,16:59,2.3,23:18,0.8
7,We,10,2026,05:25,2.2,11:40,0.7,18:01,2.3,,
8,Th,10,2026,00:19,0.7,06:29,2.2,12:39,0.7,18:55,2.4
9,Fr,10,2026,01:13,0.6,07:24,2.3,13:31,0.6,19:43,2.4
10,Sa,10,2026,02:01,0.5,08:13,2.4,14:18,0.6,20:27,2.5
11,Su,10,2026,02:45,0.5,08:57,2.4,15:01,0.6,21:08,2.5
12,Mo,10,2026,03:25,0.5,09:38,2.5,15:42,0.6,21:47,2.4
13,Tu,10,2026,04:03,0.5,10:17,2.5,16:22,0.6,22:25,2.4
14,We,10,2026,04:41,0.5,10:55,2.4,17:01,0.7,23:04,2.3
15,Th,10,2026,05:18,0.6,11:34,2.3,17:41,0.8,23:43,2.2
16,Fr,10,2026,05:57,0.7,12:14,2.3,18:24,0.9,,
17,Sa,10,2026,00:25,2.1,06:39,0.8,12:59,2.2,19:12,0.9
18,Su,10,2026,01:11,2.0,07:26,0.8,13:51,2.1,20:05,1.0
19,Mo,10,2026,02:03,2.0,08:21,0.9,14:49,2.0,21:05,1.0
20,Tu,10,2026,03:03,1.9,09:22,1.0,15:51,2.0,22:07,1.0
21,We,10,2026,04:08,1.9,10:26,1.0,16:50,2.1,23:06,1.0
22,Th,10,2026,05:11,2.0,11:25,0.9,17:42,2.1,23:58,0.9
23,Fr,10,2026,06:07,2.1,12:16,0.8,18:28,2.2,,
24,Sa,10,2026,00:45,0.7,06:56,2.2,13:03,0.8,19:11,2.3
25,Su,10,2026,01:29,0.6,07:42,2.3,13:47,0.7,19:54,2.4
26,Mo,10,2026,02:12,0.5,08:26,2.4,14:31,0.6,20:37,2.5
27,Tu,10,2026,02:55,0.4,09:10,2.5,15:16,0.6,21:21,2.5
28,We,10,2026,03:39,0.3,09:54,2.6,16:02,0.5,22:07,2.5
29,Th,10,2026,04:24,0.3,10:41,2.6,16:51,0.6,22:56,2.5
30,Fr,10,2026,05:12,0.4,11:31,2.5,17:43,0.6,23:48,2.4
31,Sa,10,2026,06:03,0.4,12:24,2.5,18:39,0.7,,
1,Su,11,2026,00:43,2.3,06:57,0.5,13:22,2.4,19:41,0.7
2,Mo,11,2026,01:44,2.2,07:58,0.6,14:25,2.3,20:46,0.8
3,Tu,11,2026,02:50,2.2,09:04,0.7,15:31,2.3,21:54,0.8
4,We,11,2026,04:00,2.1,10:12,0.8,16:35,2.3,22:58,0.7
5,Th,11,2026,05:09,2.1,11:18,0.8,17:34,2.3,23:57,0.7
6,Fr,11,2026,06:11,2.2,12:16,0.8,18:27,2.3,,
7,Sa,11,2026,00:49,0.6,07:05,2.3,13:09,0.7,19:15,2.3
8,Su,11,2026,01:36,0.6,07:52,2.3,13:56,0.7,20:00,2.3
9,Mo,11,2026,02:19,0.5,08:35,2.4,14:39,0.7,20:41,2.3
10,Tu,11,2026,02:59,0.5,09:16,2.4,15:20,0.7,21:21,2.3
11,We,11,2026,03:37,0.5,09:54,2.4,16:00,0.7,22:00,2.3
12,Th,11,2026,04:15,0.6,10:32,2.4,16:39,0.8,22:38,2.2
13,Fr,11,2026,04:52,0.6,11:10,2.3,17:19,0.8,23:18,2.2
14,Sa,11,2026,05:30,0.7,11:50,2.3,18:01,0.9,23:58,2.1
15,Su,11,2026,06:11,0.7,12:32,2.2,18:45,0.9,,
16,Mo,11,2026,00:42,2.1,06:54,0.8,13:18,2.2,19:33,0.9
17,Tu,11,2026,01:30,2.0,07:42,0.9,14:08,2.1,20:25,1.0
18,We,11,2026,02:23,2.0,08:35,0.9,15:01,2.1,21:20,0.9
19,Th,11,2026,03:21,2.0,09:32,0.9,15:54,2.1,22:15,0.9
20,Fr,11,2026,04:22,2.0,10:31,0.9,16:47,2.2,23:09,0.8
21,Sa,11,2026,05:22,2.1,11:28,0.9,17:38,2.2,,
22,Su,11,2026,00:01,0.7,06:17,2.2,12:22,0.8,18:28,2.3
23,Mo,11,2026,00:51,0.6,07:09,2.3,13:14,0.7,19:18,2.4
24,Tu,11,2026,01:40,0.5,07:59,2.4,14:05,0.7,20:08,2.4
25,We,11,2026,02:29,0.4,08:48,2.5,14:55,0.6,20:59,2.5
26,Th,11,2026,03:18,0.3,09:37,2.6,15:47,0.5,21:51,2.5
27,Fr,11,2026,04:07,0.3,10:27,2.6,16:39,0.5,22:43,2.5
28,Sa,11,2026,04:58,0.3,11:19,2.6,17:34,0.6,23:37,2.4
29,Su,11,2026,05:49,0.4,12:12,2.6,18:30,0.6,,
30,Mo,11,2026,00:32,2.4,06:43,0.5,13:07,2.5,19:28,0.6
1,Tu,12,2026,01:30,2.3,07:40,0.6,14:05,2.4,20:27,0.7
2,We,12,2026,02:32,2.2,08:41,0.7,15:04,2.3,21:28,0.7
3,Th,12,2026,03:37,2.1,09:44,0.8,16:03,2.3,22:28,0.7
4,Fr,12,2026,04:42,2.1,10:48,0.9,17:00,2.2,23:25,0.7
5,Sa,12,2026,05:44,2.1,11:48,0.9,17:54,2.2,,
6,Su,12,2026,00:19,0.7,06:40,2.2,12:43,0.9,18:45,2.2
7,Mo,12,2026,01:08,0.7,07:30,2.2,13:33,0.8,19:33,2.2
8,Tu,12,2026,01:54,0.6,08:14,2.3,14:18,0.8,20:17,2.2
9,We,12,2026,02:36,0.6,08:56,2.3,15:01,0.8,20:59,2.2
10,Th,12,2026,03:16,0.6,09:35,2.3,15:41,0.8,21:40,2.2
11,Fr,12,2026,03:54,0.6,10:12,2.3,16:21,0.8,22:19,2.2
12,Sa,12,2026,04:31,0.6,10:50,2.3,17:00,0.8,22:57,2.2
13,Su,12,2026,05:09,0.6,11:28,2.3,17:39,0.8,23:36,2.2
14,Mo,12,2026,05:46,0.7,12:07,2.3,18:20,0.8,,
15,Tu,12,2026,00:16,2.1,06:25,0.7,12:47,2.3,19:02,0.8
16,We,12,2026,00:59,2.1,07:06,0.8,13:29,2.2,19:47,0.8
17,Th,12,2026,01:45,2.0,07:52,0.9,14:14,2.2,20:34,0.8
18,Fr,12,2026,02:37,2.0,08:43,0.9,15:02,2.2,21:26,0.8
19,Sa,12,2026,03:35,2.0,09:41,0.9,15:55,2.2,22:20,0.8
20,Su,12,2026,04:37,2.1,10:42,0.9,16:51,2.2,23:18,0.7
21,Mo,12,2026,05:40,2.2,11:45,0.9,17:50,2.3,,
22,Tu,12,2026,00:16,0.6,06:40,2.3,12:45,0.8,18:49,2.3
23,We,12,2026,01:13,0.5,07:36,2.4,13:43,0.7,19:46,2.4
24,Th,12,2026,02:08,0.4,08:30,2.5,14:40,0.6,20:43,2.4
25,Fr,12,2026,03:01,0.3,09:22,2.6,15:34,0.5,21:38,2.5
26,Sa,12,2026,03:53,0.3,10:14,2.7,16:28,0.5,22:31,2.5
27,Su,12,2026,04:44,0.3,11:05,2.7,17:21,0.5,23:24,2.5
28,Mo,12,2026,05:34,0.4,11:56,2.6,18:14,0.5,,
29,Tu,12,2026,00:17,2.4,06:25,0.5,12:46,2.6,19:07,0.6
30,We,12,2026,01:11,2.3,07:17,0.6,13:38,2.5,20:00,0.6
31,Th,12,2026,02:06,2.2,08:12,0.7,14:30,2.3,20:54,0.7
