171,Opononi,35°30'S,173°24'E                                          
Based on constituent set with reference date:,01-Jan-2023
Local Std or Daylight Time,Tidal heights in metres.
1,Th,1,2026,02:26,0.6,08:41,2.7,15:01,0.6,21:02,2.7
2,Fr,1,2026,03:28,0.5,09:41,2.9,16:01,0.5,22:01,2.8
3,Sa,1,2026,04:24,0.4,10:36,3.0,16:56,0.4,22:56,2.8
4,Su,1,2026,05:15,0.3,11:27,3.0,17:47,0.4,23:48,2.9
5,Mo,1,2026,06:04,0.3,12:14,3.1,18:36,0.3,,
6,Tu,1,2026,00:36,2.9,06:50,0.3,13:00,3.0,19:22,0.4
7,We,1,2026,01:22,2.8,07:35,0.4,13:44,3.0,20:07,0.4
8,Th,1,2026,02:06,2.7,08:18,0.5,14:27,2.8,20:50,0.5
9,Fr,1,2026,02:50,2.6,09:02,0.6,15:11,2.7,21:34,0.7
10,Sa,1,2026,03:35,2.5,09:47,0.8,15:56,2.6,22:20,0.8
11,Su,1,2026,04:24,2.4,10:37,0.9,16:45,2.5,23:10,0.9
12,Mo,1,2026,05:20,2.4,11:35,1.0,17:41,2.4,,
13,Tu,1,2026,00:06,0.9,06:23,2.3,12:39,1.0,18:42,2.3
14,We,1,2026,01:08,0.9,07:28,2.4,13:44,1.0,19:44,2.4
15,Th,1,2026,02:09,0.9,08:27,2.4,14:43,1.0,20:42,2.4
16,Fr,1,2026,03:04,0.8,09:19,2.5,15:35,0.9,21:34,2.5
17,Sa,1,2026,03:52,0.7,10:05,2.7,16:21,0.7,22:20,2.6
18,Su,1,2026,04:36,0.6,10:46,2.8,17:02,0.6,23:02,2.7
19,Mo,1,2026,05:15,0.5,11:24,2.8,17:41,0.6,23:41,2.7
20,Tu,1,2026,05:52,0.4,12:00,2.9,18:17,0.5,,
21,We,1,2026,00:17,2.8,06:28,0.4,12:35,2.9,18:54,0.5
22,Th,1,2026,00:54,2.8,07:04,0.4,13:11,3.0,19:31,0.4
23,Fr,1,2026,01:31,2.8,07:41,0.4,13:49,2.9,20:09,0.4
24,Sa,1,2026,02:11,2.8,08:22,0.5,14:30,2.9,20:51,0.5
25,Su,1,2026,02:55,2.7,09:06,0.6,15:16,2.8,21:37,0.6
26,Mo,1,2026,03:45,2.6,09:57,0.7,16:08,2.7,22:31,0.7
27,Tu,1,2026,04:45,2.5,11:00,0.8,17:11,2.6,23:36,0.7
28,We,1,2026,05:57,2.5,12:16,0.9,18:24,2.5,,
29,Th,1,2026,00:52,0.8,07:16,2.5,13:38,0.9,19:41,2.5
30,Fr,1,2026,02:09,0.7,08:28,2.6,14:50,0.7,20:52,2.6
31,Sa,1,2026,03:16,0.6,09:31,2.8,15:52,0.6,21:53,2.7
1,Su,2,2026,04:13,0.5,10:25,2.9,16:46,0.4,22:47,2.8
2,Mo,2,2026,05:04,0.3,11:13,3.0,17:34,0.3,23:35,2.9
3,Tu,2,2026,05:49,0.3,11:57,3.1,18:18,0.3,,
4,We,2,2026,00:18,2.9,06:31,0.3,12:38,3.1,18:59,0.3
5,Th,2,2026,00:58,2.9,07:11,0.3,13:17,3.0,19:37,0.4
6,Fr,2,2026,01:37,2.8,07:49,0.4,13:54,2.9,20:15,0.5
7,Sa,2,2026,02:14,2.7,08:27,0.6,14:31,2.8,20:51,0.6
8,Su,2,2026,02:52,2.6,09:04,0.7,15:09,2.6,21:29,0.7
9,Mo,2,2026,03:34,2.5,09:45,0.9,15:51,2.5,22:11,0.8
10,Tu,2,2026,04:23,2.4,10:34,1.0,16:42,2.3,23:02,1.0
11,We,2,2026,05:24,2.3,11:39,1.1,17:46,2.3,,
12,Th,2,2026,00:11,1.0,06:38,2.3,12:59,1.1,19:01,2.2
13,Fr,2,2026,01:28,1.0,07:49,2.3,14:11,1.1,20:10,2.3
14,Sa,2,2026,02:34,0.9,08:49,2.5,15:08,0.9,21:08,2.4
15,Su,2,2026,03:27,0.8,09:38,2.6,15:56,0.8,21:57,2.6
16,Mo,2,2026,04:12,0.6,10:20,2.8,16:38,0.6,22:39,2.7
17,Tu,2,2026,04:52,0.5,10:58,2.9,17:17,0.5,23:17,2.8
18,We,2,2026,05:29,0.4,11:34,3.0,17:54,0.4,23:55,2.9
19,Th,2,2026,06:06,0.3,12:10,3.0,18:30,0.3,,
20,Fr,2,2026,00:31,2.9,06:43,0.3,12:47,3.1,19:07,0.3
21,Sa,2,2026,01:09,2.9,07:21,0.3,13:26,3.0,19:46,0.3
22,Su,2,2026,01:50,2.9,08:02,0.4,14:08,2.9,20:28,0.4
23,Mo,2,2026,02:34,2.8,08:47,0.5,14:54,2.8,21:14,0.5
24,Tu,2,2026,03:24,2.7,09:39,0.7,15:47,2.6,22:07,0.7
25,We,2,2026,04:25,2.5,10:43,0.8,16:53,2.5,23:14,0.8
26,Th,2,2026,05:41,2.5,12:04,0.9,18:12,2.4,,
27,Fr,2,2026,00:38,0.9,07:04,2.5,13:29,0.9,19:34,2.4
28,Sa,2,2026,01:59,0.8,08:18,2.6,14:41,0.8,20:45,2.5
1,Su,3,2026,03:06,0.7,09:18,2.8,15:40,0.6,21:43,2.7
2,Mo,3,2026,04:00,0.5,10:09,2.9,16:29,0.4,22:32,2.8
3,Tu,3,2026,04:46,0.4,10:53,3.0,17:13,0.3,23:15,2.9
4,We,3,2026,05:28,0.3,11:33,3.0,17:53,0.3,23:54,2.9
5,Th,3,2026,06:07,0.3,12:10,3.0,18:30,0.3,,
6,Fr,3,2026,00:30,2.9,06:44,0.3,12:46,3.0,19:05,0.4
7,Sa,3,2026,01:05,2.9,07:18,0.4,13:20,2.9,19:38,0.4
8,Su,3,2026,01:40,2.8,07:52,0.6,13:54,2.7,20:11,0.6
9,Mo,3,2026,02:15,2.7,08:26,0.7,14:29,2.6,20:45,0.7
10,Tu,3,2026,02:53,2.6,09:04,0.9,15:09,2.5,21:23,0.8
11,We,3,2026,03:38,2.4,09:48,1.0,15:57,2.3,22:10,1.0
12,Th,3,2026,04:35,2.3,10:47,1.1,17:00,2.2,23:15,1.1
13,Fr,3,2026,05:47,2.3,12:09,1.2,18:16,2.2,,
14,Sa,3,2026,00:40,1.1,07:04,2.3,13:31,1.1,19:32,2.3
15,Su,3,2026,01:56,1.0,08:08,2.4,14:33,0.9,20:34,2.4
16,Mo,3,2026,02:53,0.8,09:00,2.6,15:23,0.7,21:24,2.6
17,Tu,3,2026,03:40,0.6,09:44,2.8,16:06,0.6,22:08,2.7
18,We,3,2026,04:22,0.5,10:25,2.9,16:46,0.4,22:49,2.9
19,Th,3,2026,05:02,0.3,11:04,3.0,17:25,0.3,23:28,3.0
20,Fr,3,2026,05:41,0.3,11:43,3.1,18:04,0.2,,
21,Sa,3,2026,00:08,3.0,06:21,0.2,12:23,3.1,18:44,0.2
22,Su,3,2026,00:48,3.0,07:02,0.3,13:05,3.0,19:25,0.3
23,Mo,3,2026,01:31,3.0,07:46,0.4,13:50,2.9,20:09,0.4
24,Tu,3,2026,02:18,2.8,08:34,0.5,14:39,2.7,20:57,0.5
25,We,3,2026,03:11,2.7,09:30,0.7,15:37,2.6,21:53,0.7
26,Th,3,2026,04:15,2.5,10:37,0.9,16:46,2.4,23:04,0.9
27,Fr,3,2026,05:33,2.5,11:59,0.9,18:08,2.3,,
28,Sa,3,2026,00:28,0.9,06:53,2.5,13:19,0.9,19:27,2.4
29,Su,3,2026,01:46,0.8,08:02,2.6,14:25,0.7,20:32,2.5
30,Mo,3,2026,02:48,0.7,08:58,2.7,15:18,0.6,21:24,2.7
31,Tu,3,2026,03:38,0.5,09:45,2.8,16:04,0.4,22:09,2.8
1,We,4,2026,04:22,0.4,10:26,2.9,16:45,0.4,22:49,2.9
2,Th,4,2026,05:02,0.4,11:04,2.9,17:23,0.3,23:26,2.9
3,Fr,4,2026,05:39,0.4,11:40,2.9,17:58,0.3,,
4,Sa,4,2026,00:01,2.9,06:15,0.4,12:15,2.9,18:32,0.4
5,Su,4,2026,00:35,2.9,05:49,0.5,11:48,2.8,18:04,0.5
6,Mo,4,2026,00:09,2.8,06:22,0.6,12:22,2.7,18:37,0.6
7,Tu,4,2026,00:44,2.7,06:56,0.7,12:58,2.6,19:11,0.7
8,We,4,2026,01:22,2.6,07:34,0.8,13:39,2.5,19:49,0.8
9,Th,4,2026,02:06,2.5,08:17,1.0,14:26,2.3,20:35,0.9
10,Fr,4,2026,02:58,2.4,09:13,1.1,15:25,2.3,21:33,1.0
11,Sa,4,2026,04:03,2.3,10:24,1.1,16:35,2.2,22:49,1.1
12,Su,4,2026,05:14,2.3,11:42,1.0,17:47,2.3,,
13,Mo,4,2026,00:07,1.0,06:18,2.5,12:48,0.9,18:51,2.4
14,Tu,4,2026,01:10,0.8,07:14,2.6,13:41,0.7,19:45,2.6
15,We,4,2026,02:02,0.7,08:03,2.8,14:28,0.5,20:33,2.8
16,Th,4,2026,02:48,0.5,08:49,2.9,15:13,0.4,21:17,2.9
17,Fr,4,2026,03:33,0.4,09:33,3.0,15:56,0.2,22:01,3.0
18,Sa,4,2026,04:16,0.3,10:17,3.1,16:39,0.2,22:45,3.1
19,Su,4,2026,05:01,0.3,11:02,3.0,17:22,0.2,23:30,3.0
20,Mo,4,2026,05:46,0.3,11:48,3.0,18:07,0.3,,
21,Tu,4,2026,00:17,3.0,06:35,0.4,12:37,2.8,18:55,0.4
22,We,4,2026,01:07,2.9,07:27,0.5,13:31,2.7,19:46,0.6
23,Th,4,2026,02:03,2.7,08:26,0.7,14:32,2.5,20:45,0.7
24,Fr,4,2026,03:08,2.6,09:33,0.8,15:41,2.4,21:55,0.9
25,Sa,4,2026,04:20,2.5,10:47,0.8,16:57,2.4,23:12,0.9
26,Su,4,2026,05:32,2.5,11:57,0.8,18:08,2.4,,
27,Mo,4,2026,00:22,0.8,06:35,2.6,12:57,0.7,19:07,2.5
28,Tu,4,2026,01:20,0.7,07:28,2.7,13:48,0.6,19:57,2.7
29,We,4,2026,02:09,0.6,08:14,2.8,14:32,0.5,20:40,2.8
30,Th,4,2026,02:53,0.5,08:55,2.8,15:13,0.4,21:20,2.8
1,Fr,5,2026,03:33,0.5,09:33,2.8,15:51,0.4,21:58,2.9
2,Sa,5,2026,04:11,0.5,10:10,2.8,16:27,0.4,22:34,2.9
3,Su,5,2026,04:48,0.5,10:46,2.8,17:02,0.5,23:09,2.8
4,Mo,5,2026,05:23,0.6,11:22,2.7,17:36,0.5,23:44,2.8
5,Tu,5,2026,05:58,0.7,11:58,2.6,18:10,0.6,,
6,We,5,2026,00:21,2.7,06:34,0.7,12:36,2.5,18:46,0.7
7,Th,5,2026,00:59,2.6,07:13,0.8,13:17,2.5,19:24,0.8
8,Fr,5,2026,01:41,2.5,07:56,0.9,14:02,2.4,20:09,0.9
9,Sa,5,2026,02:29,2.5,08:47,0.9,14:55,2.3,21:02,0.9
10,Su,5,2026,03:25,2.4,09:46,1.0,15:56,2.3,22:05,1.0
11,Mo,5,2026,04:26,2.5,10:52,0.9,17:01,2.4,23:15,0.9
12,Tu,5,2026,05:28,2.5,11:57,0.8,18:05,2.5,,
13,We,5,2026,00:22,0.8,06:27,2.6,12:56,0.7,19:04,2.6
14,Th,5,2026,01:21,0.7,07:22,2.8,13:50,0.5,19:58,2.8
15,Fr,5,2026,02:15,0.5,08:14,2.9,14:40,0.4,20:48,2.9
16,Sa,5,2026,03:05,0.4,09:05,2.9,15:29,0.3,21:38,3.0
17,Su,5,2026,03:55,0.3,09:55,3.0,16:17,0.2,22:26,3.1
18,Mo,5,2026,04:45,0.3,10:45,2.9,17:05,0.2,23:15,3.1
19,Tu,5,2026,05:35,0.3,11:36,2.9,17:54,0.3,,
20,We,5,2026,00:06,3.0,06:27,0.4,12:29,2.8,18:44,0.4
21,Th,5,2026,00:58,2.9,07:21,0.5,13:24,2.7,19:37,0.5
22,Fr,5,2026,01:54,2.8,08:18,0.6,14:22,2.6,20:34,0.7
23,Sa,5,2026,02:53,2.7,09:19,0.7,15:26,2.5,21:37,0.8
24,Su,5,2026,03:56,2.6,10:22,0.7,16:31,2.4,22:43,0.8
25,Mo,5,2026,04:59,2.6,11:23,0.7,17:35,2.5,23:47,0.8
26,Tu,5,2026,05:58,2.6,12:20,0.7,18:32,2.5,,
27,We,5,2026,00:45,0.8,06:50,2.6,13:11,0.7,19:23,2.6
28,Th,5,2026,01:36,0.7,07:38,2.6,13:57,0.6,20:09,2.7
29,Fr,5,2026,02:22,0.7,08:22,2.7,14:41,0.6,20:51,2.7
30,Sa,5,2026,03:05,0.6,09:04,2.7,15:22,0.5,21:32,2.8
31,Su,5,2026,03:46,0.6,09:44,2.7,16:01,0.5,22:10,2.8
1,Mo,6,2026,04:25,0.6,10:23,2.7,16:38,0.5,22:48,2.8
2,Tu,6,2026,05:03,0.6,11:02,2.6,17:14,0.5,23:25,2.8
3,We,6,2026,05:40,0.7,11:40,2.6,17:50,0.6,,
4,Th,6,2026,00:01,2.7,06:17,0.7,12:18,2.6,18:26,0.7
5,Fr,6,2026,00:39,2.7,06:55,0.7,12:57,2.5,19:04,0.7
6,Sa,6,2026,01:18,2.6,07:36,0.8,13:40,2.5,19:46,0.8
7,Su,6,2026,02:01,2.6,08:21,0.8,14:26,2.4,20:33,0.8
8,Mo,6,2026,02:49,2.6,09:11,0.8,15:19,2.4,21:27,0.9
9,Tu,6,2026,03:43,2.6,10:07,0.8,16:18,2.4,22:29,0.9
10,We,6,2026,04:42,2.6,11:09,0.7,17:22,2.5,23:37,0.8
11,Th,6,2026,05:44,2.6,12:12,0.7,18:26,2.6,,
12,Fr,6,2026,00:44,0.7,06:46,2.7,13:14,0.6,19:27,2.7
13,Sa,6,2026,01:46,0.6,07:46,2.8,14:13,0.5,20:25,2.8
14,Su,6,2026,02:44,0.5,08:43,2.8,15:08,0.4,21:20,3.0
15,Mo,6,2026,03:39,0.4,09:39,2.9,16:01,0.3,22:12,3.0
16,Tu,6,2026,04:33,0.4,10:33,2.9,16:52,0.3,23:03,3.1
17,We,6,2026,05:25,0.3,11:26,2.9,17:42,0.3,23:54,3.0
18,Th,6,2026,06:17,0.4,12:18,2.8,18:32,0.4,,
19,Fr,6,2026,00:44,3.0,07:08,0.4,13:10,2.7,19:22,0.5
20,Sa,6,2026,01:35,2.9,07:59,0.5,14:02,2.6,20:13,0.6
21,Su,6,2026,02:27,2.8,08:51,0.6,14:56,2.6,21:07,0.7
22,Mo,6,2026,03:20,2.7,09:45,0.7,15:53,2.5,22:04,0.8
23,Tu,6,2026,04:16,2.6,10:39,0.8,16:51,2.5,23:04,0.9
24,We,6,2026,05:12,2.5,11:35,0.8,17:50,2.5,,
25,Th,6,2026,00:03,0.9,06:07,2.5,12:29,0.8,18:45,2.5
26,Fr,6,2026,01:00,0.9,07:00,2.5,13:22,0.7,19:37,2.6
27,Sa,6,2026,01:51,0.8,07:51,2.5,14:11,0.7,20:24,2.6
28,Su,6,2026,02:40,0.8,08:38,2.5,14:56,0.6,21:09,2.7
29,Mo,6,2026,03:24,0.7,09:23,2.6,15:39,0.6,21:50,2.8
30,Tu,6,2026,04:06,0.7,10:05,2.6,16:19,0.6,22:29,2.8
1,We,7,2026,04:46,0.6,10:44,2.6,16:56,0.5,23:05,2.8
2,Th,7,2026,05:23,0.6,11:22,2.6,17:32,0.5,23:41,2.8
3,Fr,7,2026,05:59,0.6,11:59,2.6,18:07,0.6,,
4,Sa,7,2026,00:17,2.8,06:35,0.6,12:36,2.6,18:44,0.6
5,Su,7,2026,00:53,2.8,07:13,0.6,13:15,2.6,19:22,0.6
6,Mo,7,2026,01:33,2.8,07:53,0.6,13:57,2.6,20:05,0.7
7,Tu,7,2026,02:16,2.7,08:38,0.7,14:45,2.5,20:54,0.8
8,We,7,2026,03:06,2.7,09:29,0.7,15:41,2.5,21:52,0.8
9,Th,7,2026,04:04,2.6,10:28,0.7,16:46,2.5,23:00,0.8
10,Fr,7,2026,05:09,2.6,11:36,0.7,17:56,2.6,,
11,Sa,7,2026,00:15,0.8,06:19,2.6,12:47,0.7,19:05,2.7
12,Su,7,2026,01:26,0.7,07:27,2.6,13:54,0.6,20:09,2.8
13,Mo,7,2026,02:31,0.6,08:30,2.7,14:54,0.4,21:07,2.9
14,Tu,7,2026,03:29,0.5,09:29,2.8,15:49,0.3,22:00,3.0
15,We,7,2026,04:22,0.4,10:22,2.9,16:39,0.3,22:50,3.1
16,Th,7,2026,05:12,0.3,11:13,2.9,17:28,0.3,23:37,3.1
17,Fr,7,2026,06:00,0.3,12:01,2.9,18:14,0.3,,
18,Sa,7,2026,00:23,3.0,06:46,0.3,12:47,2.8,18:59,0.4
19,Su,7,2026,01:08,2.9,07:30,0.4,13:32,2.7,19:44,0.5
20,Mo,7,2026,01:52,2.8,08:15,0.5,14:18,2.6,20:30,0.7
21,Tu,7,2026,02:37,2.7,09:00,0.7,15:06,2.5,21:19,0.8
22,We,7,2026,03:26,2.5,09:49,0.8,16:00,2.4,22:14,1.0
23,Th,7,2026,04:20,2.4,10:43,0.9,17:01,2.4,23:17,1.0
24,Fr,7,2026,05:20,2.3,11:44,0.9,18:05,2.4,,
25,Sa,7,2026,00:23,1.0,06:23,2.3,12:46,0.9,19:06,2.4
26,Su,7,2026,01:23,1.0,07:22,2.4,13:43,0.8,19:59,2.5
27,Mo,7,2026,02:17,0.9,08:16,2.5,14:34,0.7,20:46,2.6
28,Tu,7,2026,03:04,0.8,09:03,2.6,15:18,0.6,21:29,2.7
29,We,7,2026,03:46,0.7,09:46,2.6,15:59,0.5,22:07,2.8
30,Th,7,2026,04:25,0.6,10:24,2.7,16:36,0.5,22:43,2.9
31,Fr,7,2026,05:01,0.5,11:01,2.7,17:11,0.5,23:17,2.9
1,Sa,8,2026,05:36,0.5,11:36,2.8,17:45,0.5,23:51,2.9
2,Su,8,2026,06:10,0.5,12:11,2.8,18:20,0.5,,
3,Mo,8,2026,00:27,2.9,06:47,0.5,12:48,2.7,18:58,0.5
4,Tu,8,2026,01:05,2.9,07:25,0.5,13:29,2.7,19:40,0.6
5,We,8,2026,01:47,2.8,08:08,0.6,14:15,2.6,20:27,0.7
6,Th,8,2026,02:36,2.7,08:58,0.6,15:11,2.5,21:24,0.8
7,Fr,8,2026,03:35,2.6,09:57,0.7,16:19,2.5,22:36,0.9
8,Sa,8,2026,04:46,2.5,11:11,0.8,17:37,2.5,23:59,0.9
9,Su,8,2026,06:04,2.5,12:31,0.8,18:52,2.6,,
10,Mo,8,2026,01:16,0.8,07:18,2.5,13:43,0.6,19:58,2.8
11,Tu,8,2026,02:22,0.6,08:22,2.7,14:43,0.5,20:55,2.9
12,We,8,2026,03:17,0.4,09:19,2.8,15:36,0.3,21:45,3.0
13,Th,8,2026,04:07,0.3,10:08,2.9,16:24,0.3,22:31,3.1
14,Fr,8,2026,04:53,0.2,10:54,3.0,17:08,0.2,23:14,3.1
15,Sa,8,2026,05:36,0.2,11:37,3.0,17:50,0.3,23:55,3.1
16,Su,8,2026,06:17,0.3,12:17,2.9,18:30,0.4,,
17,Mo,8,2026,00:34,2.9,06:56,0.4,12:57,2.8,19:10,0.5
18,Tu,8,2026,01:13,2.8,07:34,0.5,13:37,2.7,19:50,0.7
19,We,8,2026,01:53,2.6,08:13,0.7,14:19,2.5,20:32,0.9
20,Th,8,2026,02:36,2.5,08:56,0.8,15:08,2.4,21:22,1.0
21,Fr,8,2026,03:27,2.3,09:47,0.9,16:09,2.3,22:27,1.1
22,Sa,8,2026,04:31,2.3,10:54,1.0,17:21,2.3,23:44,1.1
23,Su,8,2026,05:45,2.2,12:10,1.0,18:32,2.4,,
24,Mo,8,2026,00:54,1.1,06:54,2.3,13:16,0.9,19:31,2.5
25,Tu,8,2026,01:52,0.9,07:51,2.4,14:09,0.8,20:19,2.6
26,We,8,2026,02:39,0.8,08:39,2.5,14:54,0.6,21:01,2.7
27,Th,8,2026,03:20,0.6,09:21,2.7,15:33,0.5,21:39,2.9
28,Fr,8,2026,03:58,0.5,09:59,2.8,16:10,0.4,22:14,2.9
29,Sa,8,2026,04:34,0.4,10:35,2.8,16:45,0.4,22:49,3.0
30,Su,8,2026,05:09,0.3,11:10,2.9,17:21,0.4,23:24,3.0
31,Mo,8,2026,05:44,0.3,11:46,2.9,17:57,0.4,,
1,Tu,9,2026,00:00,3.0,06:21,0.4,12:24,2.8,18:36,0.4
2,We,9,2026,00:40,2.9,07:00,0.4,13:06,2.8,19:19,0.6
3,Th,9,2026,01:24,2.8,07:44,0.5,13:53,2.7,20:08,0.7
4,Fr,9,2026,02:15,2.6,08:35,0.7,14:52,2.6,21:08,0.8
5,Sa,9,2026,03:18,2.5,09:37,0.8,16:04,2.5,22:25,0.9
6,Su,9,2026,04:35,2.4,10:57,0.9,17:27,2.5,23:53,0.9
7,Mo,9,2026,05:58,2.4,12:22,0.8,18:43,2.6,,
8,Tu,9,2026,01:09,0.8,07:12,2.5,13:33,0.7,19:46,2.8
9,We,9,2026,02:10,0.6,08:13,2.7,14:30,0.5,20:39,2.9
10,Th,9,2026,03:01,0.4,09:04,2.8,15:19,0.4,21:26,3.0
11,Fr,9,2026,03:46,0.3,09:49,2.9,16:03,0.3,22:08,3.1
12,Sa,9,2026,04:28,0.2,10:30,3.0,16:44,0.2,22:47,3.1
13,Su,9,2026,05:07,0.2,11:09,3.0,17:23,0.3,23:25,3.0
14,Mo,9,2026,05:45,0.3,11:46,2.9,18:00,0.4,,
15,Tu,9,2026,00:01,2.9,06:20,0.4,12:22,2.8,18:36,0.5
16,We,9,2026,00:36,2.8,06:55,0.5,12:59,2.7,19:13,0.7
17,Th,9,2026,01:13,2.6,07:30,0.7,13:38,2.6,19:51,0.9
18,Fr,9,2026,01:54,2.5,08:09,0.8,14:24,2.4,20:37,1.0
19,Sa,9,2026,02:43,2.3,08:57,1.0,15:21,2.3,21:38,1.1
20,Su,9,2026,03:46,2.2,10:01,1.1,16:33,2.3,22:59,1.2
21,Mo,9,2026,05:03,2.2,11:25,1.1,17:49,2.3,,
22,Tu,9,2026,00:18,1.1,06:18,2.3,12:40,1.0,18:52,2.4
23,We,9,2026,01:18,0.9,07:19,2.4,13:36,0.8,19:43,2.6
24,Th,9,2026,02:06,0.8,08:07,2.5,14:22,0.7,20:25,2.7
25,Fr,9,2026,02:47,0.6,08:50,2.7,15:02,0.5,21:05,2.9
26,Sa,9,2026,03:26,0.4,09:29,2.8,15:41,0.4,21:42,3.0
27,Su,9,2026,05:03,0.3,11:06,2.9,17:18,0.3,23:20,3.0
28,Mo,9,2026,05:40,0.3,11:44,3.0,17:57,0.3,23:58,3.0
29,Tu,9,2026,06:19,0.2,12:23,3.0,18:36,0.3,,
30,We,9,2026,00:38,3.0,06:58,0.3,13:04,2.9,19:19,0.4
1,Th,10,2026,01:21,2.9,07:41,0.4,13:49,2.8,20:05,0.5
2,Fr,10,2026,02:09,2.7,08:27,0.5,14:40,2.7,20:59,0.7
3,Sa,10,2026,03:04,2.6,09:21,0.7,15:41,2.6,22:03,0.8
4,Su,10,2026,04:11,2.4,10:27,0.8,16:55,2.5,23:21,0.9
5,Mo,10,2026,05:30,2.4,11:49,0.9,18:16,2.5,,
6,Tu,10,2026,00:44,0.9,06:51,2.4,13:10,0.8,19:28,2.6
7,We,10,2026,01:53,0.7,08:00,2.5,14:16,0.7,20:27,2.8
8,Th,10,2026,02:49,0.6,08:56,2.7,15:10,0.5,21:17,2.9
9,Fr,10,2026,03:37,0.4,09:43,2.8,15:57,0.4,22:01,3.0
10,Sa,10,2026,04:21,0.3,10:26,2.9,16:39,0.3,22:41,3.0
11,Su,10,2026,05:00,0.3,11:05,3.0,17:18,0.3,23:19,3.0
12,Mo,10,2026,05:38,0.3,11:42,3.0,17:56,0.4,23:55,2.9
13,Tu,10,2026,06:13,0.3,12:17,2.9,18:32,0.5,,
14,We,10,2026,00:30,2.8,06:48,0.4,12:53,2.8,19:07,0.6
15,Th,10,2026,01:06,2.7,07:21,0.5,13:29,2.7,19:43,0.7
16,Fr,10,2026,01:42,2.6,07:56,0.7,14:07,2.6,20:21,0.8
17,Sa,10,2026,02:23,2.4,08:34,0.8,14:50,2.5,21:04,1.0
18,Su,10,2026,03:10,2.3,09:19,0.9,15:42,2.4,21:59,1.1
19,Mo,10,2026,04:07,2.2,10:16,1.0,16:45,2.3,23:09,1.1
20,Tu,10,2026,05:17,2.2,11:30,1.1,17:55,2.3,,
21,We,10,2026,00:25,1.1,06:30,2.3,12:48,1.0,19:00,2.4
22,Th,10,2026,01:30,0.9,07:33,2.4,13:51,0.9,19:55,2.6
23,Fr,10,2026,02:22,0.8,08:27,2.5,14:42,0.7,20:43,2.7
24,Sa,10,2026,03:08,0.6,09:13,2.7,15:27,0.6,21:27,2.8
25,Su,10,2026,03:51,0.4,09:57,2.8,16:10,0.4,22:10,2.9
26,Mo,10,2026,04:33,0.3,10:39,2.9,16:53,0.4,22:53,3.0
27,Tu,10,2026,05:15,0.2,11:21,3.0,17:36,0.3,23:36,3.0
28,We,10,2026,05:57,0.2,12:05,3.0,18:21,0.3,,
29,Th,10,2026,00:21,3.0,06:41,0.3,12:50,3.0,19:07,0.4
30,Fr,10,2026,01:09,2.8,07:27,0.4,13:38,2.9,19:58,0.5
31,Sa,10,2026,02:00,2.7,08:17,0.5,14:32,2.8,20:54,0.6
1,Su,11,2026,02:58,2.6,09:13,0.7,15:33,2.7,21:58,0.8
2,Mo,11,2026,04:04,2.5,10:18,0.8,16:43,2.6,23:10,0.8
3,Tu,11,2026,05:18,2.4,11:33,0.9,17:56,2.6,,
4,We,11,2026,00:22,0.8,06:32,2.4,12:47,0.8,19:02,2.6
5,Th,11,2026,01:26,0.7,07:37,2.5,13:50,0.7,20:00,2.7
6,Fr,11,2026,02:21,0.6,08:31,2.7,14:43,0.6,20:49,2.8
7,Sa,11,2026,03:09,0.5,09:18,2.8,15:30,0.5,21:33,2.8
8,Su,11,2026,03:52,0.4,10:00,2.9,16:13,0.5,22:14,2.8
9,Mo,11,2026,04:32,0.4,10:40,2.9,16:53,0.5,22:53,2.8
10,Tu,11,2026,05:10,0.4,11:17,2.9,17:32,0.5,23:30,2.8
11,We,11,2026,05:47,0.4,11:54,2.9,18:09,0.5,,
12,Th,11,2026,00:07,2.7,06:22,0.5,12:30,2.8,18:45,0.6
13,Fr,11,2026,00:43,2.7,06:56,0.6,13:06,2.8,19:21,0.7
14,Sa,11,2026,01:20,2.6,07:32,0.7,13:44,2.7,19:59,0.8
15,Su,11,2026,02:00,2.5,08:09,0.8,14:24,2.6,20:40,0.9
16,Mo,11,2026,02:44,2.4,08:51,0.9,15:10,2.5,21:27,0.9
17,Tu,11,2026,03:33,2.3,09:39,0.9,16:01,2.4,22:22,1.0
18,We,11,2026,04:30,2.3,10:38,1.0,17:00,2.4,23:25,1.0
19,Th,11,2026,05:34,2.3,11:46,1.0,18:01,2.5,,
20,Fr,11,2026,00:30,0.9,06:40,2.4,12:55,0.9,19:01,2.5
21,Sa,11,2026,01:31,0.8,07:40,2.5,13:56,0.8,19:58,2.7
22,Su,11,2026,02:26,0.6,08:35,2.6,14:51,0.7,20:51,2.8
23,Mo,11,2026,03:17,0.5,09:26,2.8,15:42,0.5,21:42,2.9
24,Tu,11,2026,04:06,0.4,10:15,2.9,16:32,0.4,22:31,2.9
25,We,11,2026,04:54,0.3,11:03,3.0,17:21,0.4,23:21,2.9
26,Th,11,2026,05:41,0.2,11:51,3.1,18:10,0.3,,
27,Fr,11,2026,00:10,2.9,06:29,0.3,12:40,3.0,19:00,0.4
28,Sa,11,2026,01:01,2.9,07:17,0.3,13:30,3.0,19:52,0.4
29,Su,11,2026,01:54,2.8,08:08,0.4,14:23,2.9,20:46,0.5
30,Mo,11,2026,02:49,2.6,09:02,0.6,15:19,2.8,21:44,0.6
1,Tu,12,2026,03:49,2.5,10:01,0.7,16:19,2.7,22:45,0.7
2,We,12,2026,04:53,2.5,11:05,0.8,17:23,2.6,23:48,0.7
3,Th,12,2026,05:59,2.5,12:12,0.8,18:25,2.6,,
4,Fr,12,2026,00:49,0.7,07:02,2.5,13:15,0.8,19:23,2.6
5,Sa,12,2026,01:45,0.7,07:59,2.6,14:12,0.8,20:16,2.6
6,Su,12,2026,02:36,0.6,08:49,2.6,15:02,0.7,21:04,2.6
7,Mo,12,2026,03:23,0.6,09:35,2.7,15:48,0.7,21:48,2.7
8,Tu,12,2026,04:06,0.5,10:17,2.8,16:31,0.6,22:30,2.7
9,We,12,2026,04:47,0.5,10:57,2.8,17:12,0.6,23:10,2.7
10,Th,12,2026,05:26,0.5,11:35,2.8,17:51,0.6,23:49,2.7
11,Fr,12,2026,06:03,0.5,12:12,2.8,18:28,0.6,,
12,Sa,12,2026,00:26,2.7,06:38,0.5,12:48,2.8,19:04,0.7
13,Su,12,2026,01:03,2.6,07:13,0.6,13:24,2.7,19:40,0.7
14,Mo,12,2026,01:41,2.6,07:48,0.7,14:01,2.7,20:18,0.7
15,Tu,12,2026,02:20,2.5,08:26,0.7,14:40,2.6,20:58,0.8
16,We,12,2026,03:02,2.5,09:08,0.8,15:23,2.6,21:43,0.8
17,Th,12,2026,03:49,2.4,09:56,0.9,16:12,2.6,22:34,0.8
18,Fr,12,2026,04:44,2.4,10:53,0.9,17:08,2.5,23:33,0.8
19,Sa,12,2026,05:47,2.4,11:59,0.9,18:10,2.5,,
20,Su,12,2026,00:39,0.8,06:55,2.5,13:11,0.9,19:15,2.6
21,Mo,12,2026,01:45,0.7,08:00,2.6,14:19,0.8,20:19,2.7
22,Tu,12,2026,02:47,0.6,09:01,2.7,15:20,0.6,21:19,2.7
23,We,12,2026,03:45,0.4,09:57,2.9,16:16,0.5,22:16,2.8
24,Th,12,2026,04:38,0.3,10:50,3.0,17:10,0.4,23:10,2.9
25,Fr,12,2026,05:29,0.2,11:40,3.1,18:01,0.3,,
26,Sa,12,2026,00:02,2.9,06:18,0.2,12:29,3.1,18:51,0.3
27,Su,12,2026,00:52,2.9,07:07,0.2,13:18,3.1,19:40,0.3
28,Mo,12,2026,01:42,2.9,07:55,0.3,14:07,3.0,20:30,0.4
29,Tu,12,2026,02:32,2.8,08:44,0.5,14:56,2.9,21:20,0.5
30,We,12,2026,03:23,2.7,09:35,0.6,15:48,2.8,22:11,0.6
31,Th,12,2026,04:17,2.6,10:30,0.7,16:42,2.6,23:06,0.7
