090,Paratutae Island,37°03'S,174°31'E                                          
Based on constituent set with reference date:,01-Jul-2015
Local Std or Daylight Time,Tidal heights in metres.
1,We,1,2025,05:48,0.6,11:58,3.2,18:14,0.7,,
2,Th,1,2025,00:17,3.1,06:29,0.6,12:38,3.3,18:56,0.6
3,Fr,1,2025,01:00,3.1,07:10,0.6,13:20,3.3,19:39,0.6
4,Sa,1,2025,01:43,3.1,07:53,0.6,14:03,3.3,20:24,0.6
5,Su,1,2025,02:28,3.1,08:38,0.7,14:49,3.2,21:11,0.7
6,Mo,1,2025,03:16,3.0,09:26,0.8,15:39,3.1,22:02,0.7
7,Tu,1,2025,04:09,2.9,10:21,0.9,16:35,3.0,22:58,0.8
8,We,1,2025,05:09,2.9,11:24,1.0,17:37,2.9,,
9,Th,1,2025,00:01,0.9,06:18,2.8,12:36,1.0,18:45,2.9
10,Fr,1,2025,01:10,0.9,07:31,2.9,13:49,1.0,19:55,2.9
11,Sa,1,2025,02:19,0.8,08:39,3.0,14:56,0.9,21:00,2.9
12,Su,1,2025,03:22,0.8,09:39,3.1,15:54,0.8,21:59,3.0
13,Mo,1,2025,04:16,0.7,10:32,3.2,16:46,0.7,22:52,3.0
14,Tu,1,2025,05:05,0.6,11:18,3.3,17:34,0.6,23:38,3.1
15,We,1,2025,05:49,0.6,12:01,3.3,18:17,0.6,,
16,Th,1,2025,00:21,3.1,06:29,0.6,12:40,3.3,18:57,0.6
17,Fr,1,2025,00:59,3.1,07:07,0.6,13:17,3.2,19:34,0.7
18,Sa,1,2025,01:36,3.0,07:43,0.7,13:53,3.1,20:10,0.8
19,Su,1,2025,02:12,2.9,08:19,0.8,14:29,3.0,20:47,0.8
20,Mo,1,2025,02:48,2.9,08:55,0.9,15:07,2.9,21:25,0.9
21,Tu,1,2025,03:28,2.8,09:36,1.1,15:48,2.8,22:07,1.0
22,We,1,2025,04:14,2.7,10:23,1.2,16:37,2.7,22:56,1.1
23,Th,1,2025,05:08,2.6,11:20,1.3,17:34,2.6,23:55,1.2
24,Fr,1,2025,06:14,2.5,12:30,1.3,18:39,2.6,,
25,Sa,1,2025,01:04,1.2,07:27,2.6,13:44,1.3,19:49,2.6
26,Su,1,2025,02:13,1.1,08:34,2.7,14:49,1.2,20:52,2.7
27,Mo,1,2025,03:13,1.0,09:28,2.9,15:43,1.0,21:46,2.8
28,Tu,1,2025,04:03,0.8,10:15,3.0,16:30,0.8,22:34,3.0
29,We,1,2025,04:48,0.7,10:58,3.2,17:14,0.7,23:19,3.1
30,Th,1,2025,05:30,0.5,11:40,3.3,17:56,0.5,,
31,Fr,1,2025,00:01,3.2,06:11,0.4,12:21,3.4,18:38,0.4
1,Sa,2,2025,00:43,3.3,06:53,0.4,13:01,3.5,19:20,0.4
2,Su,2,2025,01:24,3.3,07:34,0.4,13:43,3.4,20:03,0.4
3,Mo,2,2025,02:07,3.2,08:18,0.5,14:27,3.3,20:48,0.5
4,Tu,2,2025,02:53,3.1,09:05,0.7,15:15,3.2,21:36,0.7
5,We,2,2025,03:43,3.0,09:57,0.8,16:08,3.0,22:29,0.8
6,Th,2,2025,04:42,2.9,10:59,1.0,17:10,2.8,23:33,1.0
7,Fr,2,2025,05:53,2.8,12:14,1.1,18:24,2.7,,
8,Sa,2,2025,00:49,1.0,07:14,2.7,13:35,1.1,19:43,2.7
9,Su,2,2025,02:06,1.0,08:29,2.8,14:47,1.0,20:54,2.8
10,Mo,2,2025,03:12,0.9,09:30,3.0,15:45,0.9,21:53,2.9
11,Tu,2,2025,04:06,0.8,10:21,3.1,16:35,0.7,22:42,3.0
12,We,2,2025,04:52,0.7,11:04,3.2,17:18,0.6,23:23,3.1
13,Th,2,2025,05:32,0.6,11:42,3.3,17:56,0.6,,
14,Fr,2,2025,00:00,3.1,06:08,0.6,12:17,3.3,18:31,0.6
15,Sa,2,2025,00:34,3.1,06:41,0.6,12:49,3.2,19:04,0.6
16,Su,2,2025,01:06,3.1,07:13,0.7,13:20,3.2,19:36,0.7
17,Mo,2,2025,01:37,3.1,07:45,0.7,13:52,3.1,20:08,0.8
18,Tu,2,2025,02:09,3.0,08:18,0.9,14:25,3.0,20:42,0.9
19,We,2,2025,02:45,2.9,08:54,1.0,15:02,2.8,21:20,1.0
20,Th,2,2025,03:25,2.7,09:37,1.1,15:46,2.7,22:04,1.1
21,Fr,2,2025,04:15,2.6,10:30,1.3,16:41,2.6,23:01,1.2
22,Sa,2,2025,05:19,2.5,11:39,1.4,17:50,2.5,,
23,Su,2,2025,00:13,1.3,06:40,2.5,13:01,1.3,19:09,2.5
24,Mo,2,2025,01:34,1.2,07:57,2.6,14:16,1.2,20:23,2.6
25,Tu,2,2025,02:42,1.0,08:58,2.8,15:15,1.0,21:21,2.8
26,We,2,2025,03:36,0.8,09:48,3.1,16:04,0.8,22:11,3.0
27,Th,2,2025,04:23,0.6,10:33,3.3,16:49,0.5,22:56,3.2
28,Fr,2,2025,05:07,0.4,11:15,3.5,17:32,0.4,23:39,3.4
1,Sa,3,2025,05:49,0.3,11:57,3.6,18:14,0.3,,
2,Su,3,2025,00:20,3.4,06:31,0.3,12:38,3.6,18:57,0.3
3,Mo,3,2025,01:02,3.4,07:13,0.3,13:21,3.5,19:40,0.3
4,Tu,3,2025,01:45,3.4,07:58,0.4,14:05,3.4,20:24,0.5
5,We,3,2025,02:31,3.2,08:45,0.6,14:53,3.2,21:12,0.7
6,Th,3,2025,03:21,3.0,09:38,0.8,15:47,2.9,22:06,0.9
7,Fr,3,2025,04:21,2.8,10:42,1.0,16:52,2.7,23:12,1.1
8,Sa,3,2025,05:36,2.7,12:01,1.2,18:11,2.6,,
9,Su,3,2025,00:33,1.2,07:02,2.7,13:24,1.2,19:35,2.6
10,Mo,3,2025,01:54,1.1,08:17,2.8,14:34,1.0,20:44,2.7
11,Tu,3,2025,02:58,1.0,09:14,2.9,15:29,0.9,21:38,2.9
12,We,3,2025,03:49,0.8,10:01,3.1,16:14,0.8,22:22,3.0
13,Th,3,2025,04:31,0.7,10:40,3.2,16:53,0.7,22:59,3.1
14,Fr,3,2025,05:08,0.6,11:15,3.2,17:28,0.6,23:33,3.1
15,Sa,3,2025,05:41,0.6,11:47,3.2,18:01,0.6,,
16,Su,3,2025,00:04,3.2,06:13,0.6,12:17,3.2,18:31,0.6
17,Mo,3,2025,00:34,3.2,06:43,0.6,12:47,3.2,19:02,0.6
18,Tu,3,2025,01:04,3.1,07:14,0.7,13:18,3.1,19:33,0.7
19,We,3,2025,01:35,3.0,07:46,0.8,13:50,3.0,20:06,0.8
20,Th,3,2025,02:10,2.9,08:22,1.0,14:27,2.8,20:44,1.0
21,Fr,3,2025,02:49,2.8,09:04,1.1,15:10,2.7,21:28,1.1
22,Sa,3,2025,03:37,2.7,09:57,1.2,16:05,2.6,22:23,1.2
23,Su,3,2025,04:41,2.6,11:04,1.3,17:14,2.5,23:34,1.3
24,Mo,3,2025,05:59,2.6,12:24,1.3,18:35,2.5,,
25,Tu,3,2025,00:56,1.2,07:18,2.7,13:40,1.1,19:49,2.7
26,We,3,2025,02:07,1.0,08:22,2.9,14:41,0.9,20:50,2.9
27,Th,3,2025,03:04,0.8,09:14,3.1,15:32,0.7,21:41,3.1
28,Fr,3,2025,03:54,0.6,10:02,3.3,16:20,0.5,22:28,3.3
29,Sa,3,2025,04:40,0.4,10:47,3.5,17:05,0.3,23:13,3.5
30,Su,3,2025,05:24,0.3,11:31,3.6,17:49,0.2,23:56,3.5
31,Mo,3,2025,06:08,0.2,12:15,3.6,18:33,0.2,,
1,Tu,4,2025,00:40,3.5,06:53,0.3,12:59,3.5,19:17,0.3
2,We,4,2025,01:25,3.4,07:40,0.5,13:46,3.3,20:03,0.5
3,Th,4,2025,02:12,3.2,08:29,0.7,14:36,3.1,20:52,0.7
4,Fr,4,2025,03:04,3.0,09:25,0.9,15:33,2.8,21:48,0.9
5,Sa,4,2025,04:06,2.8,10:30,1.1,16:40,2.7,22:54,1.1
6,Su,4,2025,04:20,2.7,10:47,1.2,16:58,2.6,23:14,1.2
7,Mo,4,2025,05:42,2.7,12:04,1.1,18:17,2.6,,
8,Tu,4,2025,00:31,1.1,06:51,2.8,13:09,1.0,19:21,2.7
9,We,4,2025,01:32,1.0,07:45,2.9,14:00,0.9,20:11,2.8
10,Th,4,2025,02:21,0.9,08:29,3.0,14:43,0.8,20:52,3.0
11,Fr,4,2025,03:02,0.8,09:07,3.1,15:21,0.7,21:28,3.1
12,Sa,4,2025,03:38,0.7,09:42,3.1,15:56,0.6,22:02,3.1
13,Su,4,2025,04:11,0.7,10:14,3.1,16:28,0.6,22:33,3.2
14,Mo,4,2025,04:43,0.7,10:45,3.1,17:00,0.6,23:04,3.2
15,Tu,4,2025,05:15,0.7,11:17,3.1,17:32,0.7,23:36,3.1
16,We,4,2025,05:48,0.8,11:49,3.0,18:05,0.7,,
17,Th,4,2025,00:09,3.0,06:22,0.9,12:24,2.9,18:40,0.8
18,Fr,4,2025,00:45,2.9,07:01,1.0,13:03,2.8,19:19,1.0
19,Sa,4,2025,01:25,2.8,07:45,1.1,13:48,2.7,20:04,1.1
20,Su,4,2025,02:15,2.7,08:38,1.2,14:44,2.6,20:59,1.2
21,Mo,4,2025,03:15,2.7,09:41,1.2,15:50,2.6,22:05,1.2
22,Tu,4,2025,04:26,2.7,10:52,1.2,17:02,2.6,23:19,1.1
23,We,4,2025,05:38,2.8,12:01,1.0,18:13,2.7,,
24,Th,4,2025,00:28,1.0,06:41,3.0,13:03,0.8,19:14,2.9
25,Fr,4,2025,01:29,0.8,07:37,3.1,13:58,0.6,20:09,3.1
26,Sa,4,2025,02:22,0.6,08:29,3.3,14:48,0.4,20:59,3.3
27,Su,4,2025,03:12,0.4,09:17,3.4,15:37,0.3,21:47,3.5
28,Mo,4,2025,04:00,0.3,10:05,3.5,16:24,0.3,22:34,3.5
29,Tu,4,2025,04:48,0.3,10:53,3.4,17:11,0.3,23:20,3.5
30,We,4,2025,05:36,0.4,11:41,3.3,17:58,0.4,,
1,Th,5,2025,00:08,3.4,06:25,0.5,12:31,3.2,18:46,0.6
2,Fr,5,2025,00:57,3.2,07:17,0.7,13:23,3.0,19:36,0.8
3,Sa,5,2025,01:50,3.0,08:13,0.9,14:20,2.8,20:31,1.0
4,Su,5,2025,02:50,2.9,09:14,1.0,15:24,2.7,21:33,1.1
5,Mo,5,2025,03:57,2.8,10:21,1.1,16:33,2.6,22:43,1.2
6,Tu,5,2025,05:07,2.7,11:29,1.1,17:41,2.6,23:53,1.2
7,We,5,2025,06:10,2.8,12:29,1.0,18:41,2.7,,
8,Th,5,2025,00:53,1.1,07:03,2.8,13:20,0.9,19:31,2.8
9,Fr,5,2025,01:43,1.0,07:48,2.9,14:04,0.9,20:15,2.9
10,Sa,5,2025,02:26,0.9,08:29,3.0,14:44,0.8,20:53,3.0
11,Su,5,2025,03:05,0.8,09:06,3.0,15:21,0.7,21:30,3.1
12,Mo,5,2025,03:41,0.8,09:42,3.0,15:57,0.7,22:04,3.1
13,Tu,5,2025,04:16,0.8,10:17,3.0,16:32,0.7,22:39,3.1
14,We,5,2025,04:51,0.8,10:52,3.0,17:07,0.7,23:14,3.1
15,Th,5,2025,05:28,0.8,11:29,2.9,17:43,0.8,23:50,3.0
16,Fr,5,2025,06:06,0.9,12:07,2.9,18:22,0.8,,
17,Sa,5,2025,00:28,3.0,06:47,0.9,12:49,2.8,19:03,0.9
18,Su,5,2025,01:11,2.9,07:33,1.0,13:36,2.7,19:48,1.0
19,Mo,5,2025,01:59,2.9,08:23,1.0,14:28,2.7,20:40,1.0
20,Tu,5,2025,02:55,2.8,09:20,1.0,15:27,2.7,21:39,1.1
21,We,5,2025,03:56,2.8,10:21,1.0,16:31,2.7,22:44,1.0
22,Th,5,2025,05:00,2.9,11:24,0.9,17:36,2.8,23:51,0.9
23,Fr,5,2025,06:03,3.0,12:26,0.8,18:39,3.0,,
24,Sa,5,2025,00:55,0.8,07:02,3.1,13:24,0.6,19:38,3.1
25,Su,5,2025,01:53,0.7,07:58,3.2,14:20,0.5,20:33,3.3
26,Mo,5,2025,02:48,0.5,08:52,3.3,15:13,0.4,21:25,3.4
27,Tu,5,2025,03:41,0.5,09:45,3.3,16:04,0.4,22:16,3.4
28,We,5,2025,04:32,0.5,10:36,3.3,16:53,0.4,23:05,3.4
29,Th,5,2025,05:22,0.5,11:27,3.2,17:42,0.5,23:54,3.3
30,Fr,5,2025,06:13,0.6,12:18,3.1,18:30,0.6,,
31,Sa,5,2025,00:43,3.2,07:03,0.7,13:09,2.9,19:19,0.8
1,Su,6,2025,01:33,3.1,07:55,0.8,14:02,2.8,20:09,0.9
2,Mo,6,2025,02:26,2.9,08:48,0.9,14:56,2.7,21:02,1.0
3,Tu,6,2025,03:21,2.8,09:43,1.0,15:52,2.7,22:00,1.1
4,We,6,2025,04:19,2.8,10:39,1.1,16:50,2.6,23:01,1.2
5,Th,6,2025,05:16,2.7,11:35,1.1,17:48,2.7,,
6,Fr,6,2025,00:02,1.2,06:10,2.7,12:29,1.0,18:43,2.7
7,Sa,6,2025,00:57,1.1,07:00,2.8,13:19,1.0,19:33,2.8
8,Su,6,2025,01:46,1.0,07:47,2.8,14:05,0.9,20:18,2.9
9,Mo,6,2025,02:31,1.0,08:31,2.9,14:48,0.8,21:00,3.0
10,Tu,6,2025,03:13,0.9,09:13,2.9,15:29,0.8,21:39,3.0
11,We,6,2025,03:53,0.9,09:53,2.9,16:09,0.8,22:18,3.1
12,Th,6,2025,04:32,0.8,10:34,2.9,16:48,0.7,22:56,3.1
13,Fr,6,2025,05:12,0.8,11:14,2.9,17:27,0.7,23:35,3.1
14,Sa,6,2025,05:53,0.8,11:55,2.9,18:07,0.8,,
15,Su,6,2025,00:15,3.1,06:35,0.8,12:37,2.9,18:48,0.8
16,Mo,6,2025,00:57,3.1,07:18,0.8,13:22,2.9,19:32,0.8
17,Tu,6,2025,01:42,3.0,08:05,0.8,14:09,2.9,20:19,0.9
18,We,6,2025,02:32,3.0,08:55,0.8,15:02,2.8,21:13,0.9
19,Th,6,2025,03:26,3.0,09:50,0.8,15:59,2.8,22:12,1.0
20,Fr,6,2025,04:26,3.0,10:49,0.8,17:02,2.9,23:18,0.9
21,Sa,6,2025,05:28,3.0,11:52,0.8,18:08,2.9,,
22,Su,6,2025,00:26,0.9,06:32,3.0,12:56,0.7,19:13,3.0
23,Mo,6,2025,01:31,0.8,07:35,3.1,13:58,0.6,20:14,3.2
24,Tu,6,2025,02:31,0.7,08:35,3.1,14:56,0.6,21:10,3.3
25,We,6,2025,03:28,0.6,09:32,3.1,15:49,0.5,22:03,3.3
26,Th,6,2025,04:20,0.6,10:25,3.2,16:40,0.5,22:52,3.4
27,Fr,6,2025,05:10,0.5,11:16,3.1,17:27,0.5,23:39,3.3
28,Sa,6,2025,05:58,0.6,12:03,3.1,18:12,0.6,,
29,Su,6,2025,00:25,3.2,06:44,0.7,12:49,3.0,18:56,0.7
30,Mo,6,2025,01:09,3.1,07:29,0.7,13:33,2.9,19:39,0.8
1,Tu,7,2025,01:53,3.0,08:12,0.8,14:17,2.8,20:23,1.0
2,We,7,2025,02:37,2.9,08:57,0.9,15:03,2.7,21:10,1.1
3,Th,7,2025,03:25,2.8,09:44,1.0,15:53,2.7,22:03,1.2
4,Fr,7,2025,04:16,2.7,10:35,1.1,16:48,2.6,23:01,1.2
5,Sa,7,2025,05:11,2.7,11:31,1.1,17:48,2.7,,
6,Su,7,2025,00:04,1.2,06:09,2.7,12:29,1.1,18:48,2.7
7,Mo,7,2025,01:05,1.2,07:06,2.7,13:27,1.0,19:44,2.8
8,Tu,7,2025,01:59,1.1,07:59,2.7,14:19,1.0,20:33,2.9
9,We,7,2025,02:48,1.0,08:49,2.8,15:05,0.9,21:18,3.0
10,Th,7,2025,03:32,0.9,09:34,2.9,15:49,0.8,21:59,3.1
11,Fr,7,2025,04:14,0.8,10:17,3.0,16:30,0.7,22:39,3.2
12,Sa,7,2025,04:55,0.7,10:59,3.0,17:09,0.6,23:18,3.2
13,Su,7,2025,05:36,0.7,11:39,3.1,17:49,0.6,23:57,3.3
14,Mo,7,2025,06:17,0.6,12:20,3.1,18:29,0.6,,
15,Tu,7,2025,00:38,3.3,06:58,0.6,13:02,3.1,19:11,0.7
16,We,7,2025,01:21,3.2,07:42,0.6,13:47,3.0,19:57,0.7
17,Th,7,2025,02:07,3.1,08:29,0.7,14:35,3.0,20:47,0.8
18,Fr,7,2025,02:58,3.1,09:21,0.8,15:30,2.9,21:45,0.9
19,Sa,7,2025,03:56,3.0,10:19,0.8,16:34,2.9,22:52,1.0
20,Su,7,2025,05:01,2.9,11:25,0.9,17:46,2.9,,
21,Mo,7,2025,00:06,1.0,06:12,2.9,12:37,0.9,18:58,2.9
22,Tu,7,2025,01:18,0.9,07:23,2.9,13:45,0.8,20:04,3.1
23,We,7,2025,02:22,0.8,08:27,3.0,14:45,0.7,21:02,3.2
24,Th,7,2025,03:19,0.7,09:24,3.0,15:39,0.6,21:52,3.3
25,Fr,7,2025,04:09,0.6,10:15,3.1,16:26,0.5,22:38,3.3
26,Sa,7,2025,04:55,0.5,11:01,3.1,17:10,0.5,23:20,3.3
27,Su,7,2025,05:38,0.5,11:42,3.1,17:50,0.6,,
28,Mo,7,2025,00:00,3.3,06:17,0.6,12:21,3.1,18:28,0.7
29,Tu,7,2025,00:37,3.2,06:55,0.7,12:58,3.0,19:05,0.8
30,We,7,2025,01:14,3.1,07:32,0.8,13:34,2.9,19:42,0.9
31,Th,7,2025,01:51,3.0,08:09,0.9,14:13,2.8,20:22,1.0
1,Fr,8,2025,02:32,2.8,08:50,1.0,14:57,2.7,21:08,1.1
2,Sa,8,2025,03:19,2.7,09:36,1.1,15:49,2.6,22:03,1.3
3,Su,8,2025,04:14,2.6,10:32,1.2,16:53,2.6,23:11,1.3
4,Mo,8,2025,05:18,2.5,11:40,1.2,18:05,2.6,,
5,Tu,8,2025,00:24,1.3,06:28,2.6,12:50,1.2,19:12,2.7
6,We,8,2025,01:30,1.2,07:32,2.6,13:51,1.0,20:08,2.8
7,Th,8,2025,02:23,1.0,08:27,2.8,14:42,0.9,20:54,3.0
8,Fr,8,2025,03:10,0.9,09:14,2.9,15:26,0.7,21:36,3.2
9,Sa,8,2025,03:52,0.7,09:57,3.1,16:08,0.6,22:16,3.3
10,Su,8,2025,04:33,0.6,10:38,3.2,16:47,0.5,22:55,3.4
11,Mo,8,2025,05:13,0.5,11:18,3.2,17:27,0.4,23:34,3.4
12,Tu,8,2025,05:53,0.4,11:58,3.3,18:07,0.4,,
13,We,8,2025,00:15,3.4,06:34,0.4,12:39,3.2,18:49,0.5
14,Th,8,2025,00:57,3.3,07:17,0.5,13:22,3.2,19:34,0.6
15,Fr,8,2025,01:42,3.2,08:03,0.6,14:10,3.0,20:25,0.8
16,Sa,8,2025,02:33,3.0,08:55,0.8,15:06,2.9,21:24,1.0
17,Su,8,2025,03:33,2.9,09:55,0.9,16:13,2.8,22:35,1.1
18,Mo,8,2025,04:44,2.7,11:07,1.0,17:33,2.8,23:57,1.1
19,Tu,8,2025,06:04,2.7,12:27,1.0,18:52,2.9,,
20,We,8,2025,01:13,1.0,07:20,2.8,13:38,0.9,19:58,3.0
21,Th,8,2025,02:15,0.8,08:23,2.9,14:37,0.8,20:52,3.2
22,Fr,8,2025,03:08,0.7,09:15,3.0,15:26,0.6,21:38,3.3
23,Sa,8,2025,03:53,0.6,10:00,3.1,16:09,0.6,22:18,3.3
24,Su,8,2025,04:34,0.5,10:39,3.2,16:47,0.5,22:55,3.3
25,Mo,8,2025,05:11,0.5,11:15,3.2,17:23,0.6,23:30,3.3
26,Tu,8,2025,05:46,0.5,11:49,3.2,17:57,0.6,,
27,We,8,2025,00:02,3.2,06:18,0.6,12:21,3.1,18:29,0.7
28,Th,8,2025,00:34,3.1,06:51,0.7,12:54,3.0,19:03,0.8
29,Fr,8,2025,01:08,3.0,07:25,0.8,13:29,2.9,19:40,1.0
30,Sa,8,2025,01:46,2.8,08:03,1.0,14:10,2.8,20:22,1.1
31,Su,8,2025,02:30,2.7,08:47,1.1,15:00,2.6,21:16,1.3
1,Mo,9,2025,03:25,2.6,09:43,1.2,16:03,2.5,22:24,1.4
2,Tu,9,2025,04:34,2.5,10:53,1.3,17:22,2.5,23:45,1.3
3,We,9,2025,05:52,2.5,12:13,1.2,18:38,2.6,,
4,Th,9,2025,00:57,1.2,07:04,2.6,13:21,1.1,19:37,2.8
5,Fr,9,2025,01:54,1.0,08:01,2.8,14:14,0.9,20:25,3.0
6,Sa,9,2025,02:41,0.8,08:48,3.0,14:59,0.7,21:08,3.2
7,Su,9,2025,03:24,0.6,09:31,3.2,15:41,0.5,21:49,3.4
8,Mo,9,2025,04:06,0.4,10:12,3.3,16:22,0.4,22:29,3.5
9,Tu,9,2025,04:47,0.3,10:53,3.4,17:03,0.3,23:09,3.5
10,We,9,2025,05:28,0.3,11:34,3.4,17:45,0.3,23:51,3.5
11,Th,9,2025,06:10,0.3,12:16,3.4,18:28,0.4,,
12,Fr,9,2025,00:34,3.4,06:54,0.4,13:00,3.3,19:15,0.6
13,Sa,9,2025,01:21,3.2,07:41,0.6,13:50,3.1,20:08,0.8
14,Su,9,2025,02:15,3.0,08:34,0.8,14:48,2.9,21:10,1.0
15,Mo,9,2025,03:18,2.8,09:38,1.0,16:01,2.8,22:27,1.1
16,Tu,9,2025,04:37,2.6,10:56,1.1,17:26,2.7,23:51,1.1
17,We,9,2025,06:02,2.6,12:19,1.1,18:44,2.8,,
18,Th,9,2025,01:04,1.0,07:15,2.7,13:28,1.0,19:45,3.0
19,Fr,9,2025,02:01,0.8,08:12,2.9,14:22,0.8,20:34,3.1
20,Sa,9,2025,02:49,0.7,08:58,3.0,15:06,0.7,21:16,3.2
21,Su,9,2025,03:30,0.6,09:38,3.1,15:46,0.6,21:53,3.3
22,Mo,9,2025,04:07,0.5,10:13,3.2,16:21,0.6,22:26,3.3
23,Tu,9,2025,04:41,0.5,10:46,3.2,16:54,0.6,22:58,3.2
24,We,9,2025,05:13,0.5,11:17,3.2,17:26,0.6,23:29,3.2
25,Th,9,2025,05:44,0.6,11:47,3.1,17:58,0.7,,
26,Fr,9,2025,00:00,3.1,06:16,0.7,12:19,3.1,18:30,0.8
27,Sa,9,2025,00:33,3.0,06:49,0.8,12:54,2.9,19:07,1.0
28,Su,9,2025,01:09,2.8,08:26,0.9,14:33,2.8,20:49,1.1
29,Mo,9,2025,02:53,2.7,09:10,1.1,15:22,2.7,21:42,1.2
30,Tu,9,2025,03:48,2.5,10:05,1.2,16:24,2.6,22:48,1.3
1,We,10,2025,04:57,2.5,11:14,1.3,17:40,2.6,,
2,Th,10,2025,00:05,1.3,06:16,2.5,12:32,1.2,18:56,2.7
3,Fr,10,2025,01:18,1.2,07:28,2.6,13:43,1.1,19:58,2.8
4,Sa,10,2025,02:18,1.0,08:27,2.8,14:39,0.9,20:49,3.1
5,Su,10,2025,03:08,0.7,09:17,3.0,15:28,0.7,21:35,3.3
6,Mo,10,2025,03:53,0.5,10:02,3.2,16:13,0.5,22:19,3.4
7,Tu,10,2025,04:37,0.3,10:45,3.4,16:57,0.3,23:02,3.5
8,We,10,2025,05:20,0.2,11:28,3.5,17:40,0.3,23:45,3.5
9,Th,10,2025,06:04,0.2,12:12,3.5,18:25,0.3,,
10,Fr,10,2025,00:30,3.5,06:48,0.3,12:56,3.4,19:11,0.4
11,Sa,10,2025,01:16,3.3,07:34,0.4,13:44,3.3,20:01,0.6
12,Su,10,2025,02:06,3.1,08:24,0.6,14:36,3.1,20:57,0.8
13,Mo,10,2025,03:03,2.9,09:19,0.9,15:36,2.9,22:01,1.0
14,Tu,10,2025,04:09,2.7,10:24,1.0,16:49,2.8,23:16,1.1
15,We,10,2025,05:27,2.6,11:41,1.1,18:10,2.8,,
16,Th,10,2025,00:34,1.1,06:47,2.6,13:00,1.1,19:22,2.8
17,Fr,10,2025,01:42,1.0,07:55,2.7,14:05,1.0,20:20,2.9
18,Sa,10,2025,02:36,0.8,08:48,2.9,14:57,0.9,21:06,3.1
19,Su,10,2025,03:22,0.7,09:32,3.0,15:41,0.8,21:47,3.1
20,Mo,10,2025,04:01,0.6,10:10,3.1,16:19,0.7,22:23,3.2
21,Tu,10,2025,04:37,0.6,10:45,3.2,16:54,0.6,22:56,3.2
22,We,10,2025,05:11,0.6,11:17,3.2,17:27,0.6,23:28,3.2
23,Th,10,2025,05:43,0.6,11:49,3.2,18:00,0.7,,
24,Fr,10,2025,00:00,3.1,06:15,0.6,12:20,3.1,18:33,0.8
25,Sa,10,2025,00:33,3.0,06:48,0.7,12:53,3.1,19:07,0.9
26,Su,10,2025,01:07,2.9,07:23,0.8,13:29,3.0,19:45,1.0
27,Mo,10,2025,01:46,2.8,08:01,0.9,14:09,2.9,20:28,1.1
28,Tu,10,2025,02:30,2.7,08:45,1.0,14:56,2.8,21:19,1.2
29,We,10,2025,03:23,2.6,09:37,1.1,15:54,2.7,22:19,1.2
30,Th,10,2025,04:26,2.5,10:39,1.2,17:01,2.7,23:26,1.2
31,Fr,10,2025,05:36,2.6,11:49,1.2,18:11,2.7,,
1,Sa,11,2025,00:34,1.1,06:46,2.7,12:59,1.1,19:14,2.9
2,Su,11,2025,01:35,0.9,07:47,2.8,14:00,0.9,20:10,3.1
3,Mo,11,2025,02:31,0.7,08:42,3.0,14:55,0.7,21:01,3.2
4,Tu,11,2025,03:21,0.5,09:32,3.2,15:45,0.5,21:50,3.4
5,We,11,2025,04:10,0.4,10:20,3.4,16:33,0.4,22:37,3.5
6,Th,11,2025,04:57,0.3,11:07,3.5,17:21,0.3,23:25,3.5
7,Fr,11,2025,05:44,0.3,11:54,3.5,18:10,0.4,,
8,Sa,11,2025,00:14,3.4,06:32,0.3,12:42,3.4,18:59,0.5
9,Su,11,2025,01:04,3.2,07:20,0.5,13:32,3.3,19:51,0.6
10,Mo,11,2025,01:57,3.1,08:10,0.6,14:25,3.2,20:47,0.8
11,Tu,11,2025,02:53,2.9,09:05,0.8,15:23,3.0,21:47,0.9
12,We,11,2025,03:55,2.7,10:05,1.0,16:29,2.9,22:53,1.0
13,Th,11,2025,05:03,2.7,11:13,1.1,17:38,2.8,,
14,Fr,11,2025,00:01,1.0,06:14,2.6,12:24,1.1,18:44,2.8
15,Sa,11,2025,01:04,1.0,07:18,2.7,13:29,1.1,19:41,2.9
16,Su,11,2025,01:59,0.9,08:12,2.8,14:23,1.0,20:30,2.9
17,Mo,11,2025,02:46,0.8,08:59,2.9,15:09,0.9,21:13,3.0
18,Tu,11,2025,03:29,0.8,09:39,3.0,15:50,0.8,21:52,3.0
19,We,11,2025,04:07,0.7,10:17,3.1,16:28,0.8,22:28,3.0
20,Th,11,2025,04:44,0.7,10:52,3.1,17:04,0.8,23:04,3.0
21,Fr,11,2025,05:19,0.7,11:27,3.1,17:39,0.8,23:39,3.0
22,Sa,11,2025,05:54,0.7,12:01,3.1,18:15,0.8,,
23,Su,11,2025,00:15,3.0,06:29,0.7,12:37,3.1,18:52,0.8
24,Mo,11,2025,00:52,2.9,07:06,0.8,13:13,3.0,19:31,0.9
25,Tu,11,2025,01:32,2.8,07:44,0.9,13:53,3.0,20:13,1.0
26,We,11,2025,02:15,2.8,08:26,0.9,14:37,2.9,21:00,1.0
27,Th,11,2025,03:02,2.7,09:13,1.0,15:27,2.8,21:51,1.0
28,Fr,11,2025,03:56,2.7,10:07,1.1,16:24,2.8,22:48,1.0
29,Sa,11,2025,04:56,2.7,11:08,1.1,17:25,2.8,23:50,1.0
30,Su,11,2025,06:01,2.7,12:15,1.0,18:29,2.9,,
1,Mo,12,2025,00:53,0.9,07:06,2.8,13:21,0.9,19:30,3.0
2,Tu,12,2025,01:54,0.7,08:09,3.0,14:23,0.8,20:29,3.1
3,We,12,2025,02:52,0.6,09:07,3.2,15:21,0.6,21:25,3.2
4,Th,12,2025,03:47,0.5,10:01,3.3,16:16,0.5,22:19,3.3
5,Fr,12,2025,04:40,0.4,10:52,3.4,17:08,0.4,23:12,3.3
6,Sa,12,2025,05:30,0.4,11:43,3.5,17:59,0.4,,
7,Su,12,2025,00:04,3.3,06:19,0.4,12:32,3.4,18:50,0.5
8,Mo,12,2025,00:55,3.2,07:08,0.5,13:21,3.4,19:41,0.6
9,Tu,12,2025,01:46,3.1,07:56,0.6,14:11,3.2,20:32,0.7
10,We,12,2025,02:37,3.0,08:46,0.8,15:02,3.1,21:24,0.8
11,Th,12,2025,03:30,2.8,09:37,0.9,15:56,3.0,22:17,0.9
12,Fr,12,2025,04:25,2.7,10:33,1.0,16:52,2.8,23:13,1.0
13,Sa,12,2025,05:24,2.7,11:34,1.1,17:51,2.8,,
14,Su,12,2025,00:11,1.0,06:25,2.7,12:38,1.2,18:49,2.7
15,Mo,12,2025,01:09,1.0,07:25,2.7,13:39,1.1,19:44,2.8
16,Tu,12,2025,02:04,1.0,08:19,2.8,14:33,1.1,20:35,2.8
17,We,12,2025,02:54,0.9,09:08,2.9,15:21,1.0,21:21,2.8
18,Th,12,2025,03:39,0.9,09:52,2.9,16:04,0.9,22:04,2.9
19,Fr,12,2025,04:21,0.8,10:32,3.0,16:45,0.9,22:45,2.9
20,Sa,12,2025,05:00,0.7,11:10,3.1,17:23,0.8,23:25,3.0
21,Su,12,2025,05:38,0.7,11:47,3.1,18:01,0.8,,
22,Mo,12,2025,00:03,3.0,06:15,0.7,12:23,3.1,18:39,0.8
23,Tu,12,2025,00:41,3.0,06:51,0.7,13:00,3.1,19:17,0.8
24,We,12,2025,01:19,3.0,07:29,0.7,13:37,3.1,19:57,0.8
25,Th,12,2025,01:58,2.9,08:08,0.8,14:17,3.1,20:39,0.8
26,Fr,12,2025,02:40,2.9,08:50,0.8,15:01,3.0,21:24,0.8
27,Sa,12,2025,03:27,2.8,09:37,0.9,15:50,3.0,22:13,0.9
28,Su,12,2025,04:19,2.8,10:32,1.0,16:45,2.9,23:10,0.9
29,Mo,12,2025,05:20,2.8,11:35,1.0,17:48,2.9,,
30,Tu,12,2025,00:13,0.9,06:29,2.8,12:46,1.0,18:55,2.9
31,We,12,2025,01:21,0.8,07:40,2.9,13:58,0.9,20:04,3.0
