355,Welcombe Bay,46°05'S,166°35'E
Based on constituent set with reference date:,01-Jan-2016
Local Std or Daylight Time,Tidal heights in metres.
1,Th,1,2026,04:11,0.6,10:22,2.2,16:42,0.4,22:58,2.3
2,Fr,1,2026,05:11,0.5,11:21,2.3,17:40,0.3,23:57,2.3
3,Sa,1,2026,06:08,0.4,12:16,2.4,18:35,0.2,,
4,Su,1,2026,00:52,2.4,07:01,0.4,13:08,2.5,19:27,0.2
5,Mo,1,2026,01:44,2.4,07:52,0.4,13:59,2.5,20:18,0.2
6,Tu,1,2026,02:34,2.4,08:40,0.4,14:48,2.4,21:08,0.3
7,We,1,2026,03:22,2.3,09:28,0.5,15:36,2.3,21:56,0.4
8,Th,1,2026,04:08,2.2,10:14,0.6,16:24,2.2,22:42,0.5
9,Fr,1,2026,04:53,2.1,11:01,0.7,17:12,2.1,23:29,0.6
10,Sa,1,2026,05:39,2.0,11:51,0.8,18:03,2.0,,
11,Su,1,2026,00:18,0.8,06:28,1.9,12:44,0.8,18:57,1.9
12,Mo,1,2026,01:10,0.9,07:22,1.9,13:44,0.9,19:57,1.8
13,Tu,1,2026,02:07,0.9,08:21,1.8,14:45,0.9,20:58,1.8
14,We,1,2026,03:07,0.9,09:21,1.9,15:44,0.8,21:57,1.9
15,Th,1,2026,04:05,0.9,10:17,1.9,16:37,0.8,22:49,1.9
16,Fr,1,2026,04:56,0.8,11:05,2.0,17:23,0.7,23:35,2.0
17,Sa,1,2026,05:41,0.8,11:47,2.1,18:04,0.6,,
18,Su,1,2026,00:17,2.1,06:22,0.7,12:26,2.1,18:42,0.5
19,Mo,1,2026,00:55,2.1,07:00,0.6,13:03,2.2,19:19,0.5
20,Tu,1,2026,01:32,2.2,07:36,0.6,13:39,2.2,19:56,0.4
21,We,1,2026,02:09,2.2,08:12,0.5,14:16,2.3,20:34,0.4
22,Th,1,2026,02:46,2.2,08:49,0.5,14:54,2.3,21:13,0.4
23,Fr,1,2026,03:24,2.2,09:29,0.5,15:36,2.3,21:54,0.5
24,Sa,1,2026,04:05,2.2,10:11,0.6,16:21,2.2,22:40,0.5
25,Su,1,2026,04:50,2.1,11:00,0.6,17:13,2.1,23:31,0.6
26,Mo,1,2026,05:42,2.1,11:56,0.7,18:12,2.1,,
27,Tu,1,2026,00:30,0.7,06:42,2.0,13:03,0.7,19:21,2.0
28,We,1,2026,01:37,0.7,07:51,2.0,14:15,0.7,20:35,2.0
29,Th,1,2026,02:50,0.7,09:04,2.1,15:28,0.6,21:47,2.1
30,Fr,1,2026,04:01,0.7,10:12,2.2,16:34,0.5,22:53,2.2
31,Sa,1,2026,05:04,0.6,11:13,2.3,17:33,0.4,23:51,2.3
1,Su,2,2026,05:59,0.5,12:07,2.4,18:26,0.3,,
2,Mo,2,2026,00:42,2.3,06:49,0.4,12:56,2.5,19:14,0.2
3,Tu,2,2026,01:29,2.4,07:34,0.4,13:42,2.5,20:00,0.2
4,We,2,2026,02:12,2.4,08:17,0.4,14:25,2.4,20:42,0.3
5,Th,2,2026,02:53,2.3,08:59,0.4,15:07,2.3,21:23,0.4
6,Fr,2,2026,03:32,2.2,09:38,0.5,15:48,2.2,22:02,0.5
7,Sa,2,2026,04:09,2.1,10:18,0.6,16:29,2.1,22:42,0.7
8,Su,2,2026,04:48,2.0,11:00,0.7,17:12,2.0,23:24,0.8
9,Mo,2,2026,05:31,1.9,11:49,0.8,18:02,1.9,,
10,Tu,2,2026,00:12,0.9,06:22,1.8,12:48,0.9,19:02,1.8
11,We,2,2026,01:12,1.0,07:26,1.8,13:57,0.9,20:12,1.8
12,Th,2,2026,02:23,1.0,08:38,1.8,15:07,0.9,21:23,1.8
13,Fr,2,2026,03:32,1.0,09:45,1.8,16:08,0.8,22:23,1.9
14,Sa,2,2026,04:30,0.9,10:38,1.9,16:57,0.7,23:11,2.0
15,Su,2,2026,05:17,0.8,11:22,2.0,17:39,0.6,23:52,2.1
16,Mo,2,2026,05:57,0.7,12:01,2.2,18:17,0.5,,
17,Tu,2,2026,00:29,2.2,06:34,0.6,12:37,2.3,18:53,0.4
18,We,2,2026,01:05,2.3,07:09,0.5,13:14,2.3,19:30,0.4
19,Th,2,2026,01:41,2.3,07:46,0.4,13:51,2.4,20:08,0.3
20,Fr,2,2026,02:18,2.3,08:23,0.4,14:31,2.4,20:48,0.3
21,Sa,2,2026,02:57,2.3,09:04,0.4,15:14,2.4,21:30,0.4
22,Su,2,2026,03:39,2.3,09:48,0.5,16:00,2.3,22:17,0.5
23,Mo,2,2026,04:25,2.2,10:38,0.5,16:54,2.2,23:09,0.6
24,Tu,2,2026,05:18,2.1,11:37,0.6,17:56,2.1,,
25,We,2,2026,00:11,0.7,06:23,2.0,12:48,0.7,19:10,2.0
26,Th,2,2026,01:25,0.8,07:39,2.0,14:07,0.7,20:29,2.0
27,Fr,2,2026,02:43,0.8,08:57,2.0,15:23,0.6,21:44,2.0
28,Sa,2,2026,03:56,0.7,10:06,2.1,16:28,0.5,22:47,2.1
1,Su,3,2026,04:56,0.6,11:04,2.2,17:23,0.4,23:39,2.2
2,Mo,3,2026,05:46,0.5,11:54,2.4,18:11,0.3,,
3,Tu,3,2026,00:25,2.3,06:31,0.4,12:38,2.4,18:54,0.3
4,We,3,2026,01:06,2.3,07:12,0.4,13:20,2.4,19:34,0.3
5,Th,3,2026,01:44,2.3,07:50,0.4,13:58,2.4,20:12,0.4
6,Fr,3,2026,02:19,2.3,08:26,0.4,14:35,2.3,20:47,0.5
7,Sa,3,2026,02:53,2.2,09:02,0.5,15:11,2.2,21:22,0.6
8,Su,3,2026,03:27,2.1,09:38,0.6,15:48,2.1,21:58,0.7
9,Mo,3,2026,04:02,2.0,10:17,0.7,16:29,2.0,22:37,0.8
10,Tu,3,2026,04:43,1.9,11:02,0.8,17:17,1.9,23:25,0.9
11,We,3,2026,05:33,1.8,12:00,0.9,18:17,1.8,,
12,Th,3,2026,00:26,1.0,06:38,1.8,13:12,0.9,19:30,1.7
13,Fr,3,2026,01:41,1.0,07:55,1.8,14:26,0.9,20:44,1.8
14,Sa,3,2026,02:55,1.0,09:06,1.8,15:30,0.8,21:46,1.9
15,Su,3,2026,03:55,0.9,10:02,1.9,16:21,0.7,22:36,2.0
16,Mo,3,2026,04:42,0.8,10:47,2.1,17:04,0.6,23:17,2.1
17,Tu,3,2026,05:23,0.6,11:27,2.2,17:43,0.5,23:55,2.2
18,We,3,2026,06:01,0.5,12:06,2.3,18:22,0.4,,
19,Th,3,2026,00:33,2.3,06:39,0.4,12:45,2.4,19:01,0.3
20,Fr,3,2026,01:11,2.4,07:17,0.3,13:26,2.5,19:41,0.3
21,Sa,3,2026,01:50,2.4,07:59,0.3,14:09,2.5,20:24,0.3
22,Su,3,2026,02:32,2.4,08:43,0.3,14:55,2.4,21:10,0.4
23,Mo,3,2026,03:18,2.3,09:31,0.4,15:46,2.3,22:00,0.5
24,Tu,3,2026,04:08,2.2,10:26,0.5,16:44,2.2,22:57,0.6
25,We,3,2026,05:06,2.1,11:30,0.6,17:51,2.0,,
26,Th,3,2026,00:03,0.8,06:15,2.0,12:44,0.7,19:07,2.0
27,Fr,3,2026,01:20,0.8,07:33,2.0,14:02,0.7,20:25,2.0
28,Sa,3,2026,02:37,0.8,08:50,2.0,15:14,0.6,21:35,2.0
29,Su,3,2026,03:45,0.7,09:54,2.1,16:14,0.5,22:32,2.1
30,Mo,3,2026,04:40,0.6,10:48,2.2,17:05,0.5,23:19,2.2
31,Tu,3,2026,05:26,0.5,11:34,2.3,17:49,0.4,,
1,We,4,2026,00:01,2.2,06:07,0.5,12:15,2.3,18:28,0.4
2,Th,4,2026,00:38,2.3,06:45,0.4,12:53,2.3,19:05,0.4
3,Fr,4,2026,01:12,2.3,07:20,0.4,13:29,2.3,19:40,0.5
4,Sa,4,2026,01:45,2.2,07:55,0.5,14:04,2.2,20:13,0.5
5,Su,4,2026,02:18,2.2,07:29,0.5,13:39,2.1,19:47,0.6
6,Mo,4,2026,01:51,2.1,08:05,0.6,14:16,2.1,20:23,0.7
7,Tu,4,2026,02:27,2.0,08:44,0.7,14:57,2.0,21:03,0.8
8,We,4,2026,03:08,1.9,09:29,0.8,15:45,1.9,21:51,0.9
9,Th,4,2026,03:58,1.9,10:25,0.9,16:43,1.8,22:51,1.0
10,Fr,4,2026,05:00,1.8,11:32,0.9,17:51,1.8,,
11,Sa,4,2026,00:01,1.0,06:11,1.8,12:41,0.9,18:59,1.8
12,Su,4,2026,01:10,1.0,07:19,1.8,13:43,0.8,19:59,1.9
13,Mo,4,2026,02:09,0.9,08:16,1.9,14:35,0.7,20:50,2.0
14,Tu,4,2026,02:59,0.7,09:05,2.1,15:22,0.6,21:35,2.1
15,We,4,2026,03:43,0.6,09:49,2.2,16:05,0.5,22:17,2.2
16,Th,4,2026,04:25,0.5,10:33,2.3,16:48,0.4,22:58,2.3
17,Fr,4,2026,05:07,0.3,11:17,2.4,17:32,0.3,23:41,2.4
18,Sa,4,2026,05:51,0.3,12:03,2.5,18:17,0.3,,
19,Su,4,2026,00:26,2.4,06:37,0.2,12:51,2.5,19:05,0.3
20,Mo,4,2026,01:12,2.4,07:27,0.3,13:42,2.4,19:55,0.4
21,Tu,4,2026,02:03,2.4,08:20,0.3,14:38,2.3,20:50,0.5
22,We,4,2026,02:57,2.3,09:19,0.4,15:39,2.2,21:50,0.6
23,Th,4,2026,03:59,2.1,10:25,0.5,16:46,2.1,22:57,0.7
24,Fr,4,2026,05:09,2.1,11:36,0.6,17:58,2.0,,
25,Sa,4,2026,00:09,0.8,06:22,2.0,12:48,0.6,19:09,2.0
26,Su,4,2026,01:20,0.8,07:32,2.1,13:53,0.6,20:12,2.0
27,Mo,4,2026,02:22,0.7,08:32,2.1,14:49,0.6,21:05,2.1
28,Tu,4,2026,03:14,0.6,09:24,2.2,15:38,0.6,21:51,2.1
29,We,4,2026,03:59,0.6,10:08,2.2,16:20,0.5,22:30,2.2
30,Th,4,2026,04:40,0.5,10:49,2.2,16:59,0.5,23:07,2.2
1,Fr,5,2026,05:17,0.5,11:26,2.2,17:35,0.6,23:41,2.2
2,Sa,5,2026,05:52,0.5,12:02,2.2,18:10,0.6,,
3,Su,5,2026,00:15,2.2,06:27,0.5,12:37,2.1,18:44,0.6
4,Mo,5,2026,00:48,2.1,07:03,0.6,13:14,2.1,19:20,0.7
5,Tu,5,2026,01:24,2.1,07:40,0.6,13:53,2.0,19:58,0.7
6,We,5,2026,02:01,2.0,08:21,0.7,14:35,2.0,20:40,0.8
7,Th,5,2026,02:44,2.0,09:06,0.7,15:22,1.9,21:27,0.9
8,Fr,5,2026,03:32,1.9,09:58,0.8,16:15,1.9,22:21,0.9
9,Sa,5,2026,04:27,1.9,10:55,0.8,17:13,1.9,23:20,0.9
10,Su,5,2026,05:29,1.9,11:55,0.8,18:12,1.9,,
11,Mo,5,2026,00:21,0.9,06:30,1.9,12:53,0.8,19:08,1.9
12,Tu,5,2026,01:19,0.8,07:28,2.0,13:47,0.7,20:01,2.0
13,We,5,2026,02:13,0.7,08:21,2.1,14:38,0.6,20:51,2.1
14,Th,5,2026,03:03,0.6,09:12,2.2,15:28,0.5,21:39,2.2
15,Fr,5,2026,03:51,0.4,10:02,2.3,16:17,0.4,22:27,2.3
16,Sa,5,2026,04:40,0.3,10:53,2.4,17:07,0.4,23:16,2.4
17,Su,5,2026,05:30,0.2,11:44,2.5,17:58,0.3,,
18,Mo,5,2026,00:06,2.5,06:22,0.2,12:38,2.5,18:50,0.4
19,Tu,5,2026,00:58,2.4,07:15,0.2,13:33,2.4,19:44,0.4
20,We,5,2026,01:51,2.4,08:12,0.3,14:31,2.3,20:40,0.5
21,Th,5,2026,02:49,2.3,09:12,0.4,15:31,2.2,21:40,0.6
22,Fr,5,2026,03:49,2.2,10:14,0.5,16:33,2.1,22:42,0.7
23,Sa,5,2026,04:53,2.1,11:18,0.5,17:36,2.1,23:46,0.7
24,Su,5,2026,05:59,2.1,12:21,0.6,18:38,2.0,,
25,Mo,5,2026,00:50,0.7,07:02,2.1,13:21,0.7,19:37,2.0
26,Tu,5,2026,01:49,0.7,08:00,2.1,14:15,0.7,20:29,2.0
27,We,5,2026,02:42,0.7,08:52,2.1,15:04,0.7,21:16,2.0
28,Th,5,2026,03:29,0.7,09:39,2.1,15:48,0.7,21:58,2.1
29,Fr,5,2026,04:11,0.6,10:21,2.1,16:29,0.7,22:37,2.1
30,Sa,5,2026,04:51,0.6,11:01,2.1,17:07,0.7,23:14,2.1
31,Su,5,2026,05:29,0.6,11:39,2.1,17:45,0.7,23:50,2.1
1,Mo,6,2026,06:06,0.6,12:17,2.1,18:23,0.7,,
2,Tu,6,2026,00:27,2.1,06:43,0.6,12:56,2.1,19:01,0.7
3,We,6,2026,01:04,2.1,07:22,0.6,13:36,2.1,19:40,0.7
4,Th,6,2026,01:42,2.1,08:02,0.6,14:17,2.0,20:20,0.8
5,Fr,6,2026,02:23,2.0,08:45,0.7,15:00,2.0,21:04,0.8
6,Sa,6,2026,03:07,2.0,09:31,0.7,15:46,2.0,21:50,0.8
7,Su,6,2026,03:56,2.0,10:19,0.7,16:34,2.0,22:41,0.8
8,Mo,6,2026,04:48,2.0,11:12,0.7,17:26,2.0,23:35,0.8
9,Tu,6,2026,05:45,2.0,12:06,0.7,18:20,2.0,,
10,We,6,2026,00:33,0.8,06:44,2.0,13:02,0.7,19:16,2.0
11,Th,6,2026,01:31,0.7,07:43,2.1,13:59,0.6,20:12,2.1
12,Fr,6,2026,02:28,0.6,08:41,2.2,14:56,0.6,21:08,2.2
13,Sa,6,2026,03:25,0.4,09:39,2.3,15:53,0.5,22:03,2.3
14,Su,6,2026,04:20,0.3,10:36,2.4,16:48,0.4,22:58,2.4
15,Mo,6,2026,05:15,0.2,11:32,2.4,17:44,0.4,23:52,2.5
16,Tu,6,2026,06:10,0.2,12:28,2.4,18:38,0.4,,
17,We,6,2026,00:46,2.5,07:06,0.2,13:23,2.4,19:32,0.4
18,Th,6,2026,01:40,2.5,08:01,0.2,14:18,2.4,20:26,0.4
19,Fr,6,2026,02:34,2.4,08:56,0.3,15:13,2.3,21:20,0.5
20,Sa,6,2026,03:30,2.3,09:52,0.4,16:07,2.2,22:15,0.6
21,Su,6,2026,04:27,2.2,10:48,0.5,17:02,2.1,23:12,0.7
22,Mo,6,2026,05:25,2.1,11:43,0.6,17:57,2.0,,
23,Tu,6,2026,00:10,0.7,06:23,2.0,12:39,0.7,18:52,2.0
24,We,6,2026,01:08,0.8,07:21,2.0,13:33,0.8,19:47,1.9
25,Th,6,2026,02:05,0.8,08:16,1.9,14:26,0.8,20:39,2.0
26,Fr,6,2026,02:57,0.7,09:08,2.0,15:16,0.8,21:27,2.0
27,Sa,6,2026,03:44,0.7,09:56,2.0,16:02,0.8,22:11,2.0
28,Su,6,2026,04:28,0.7,10:40,2.0,16:45,0.7,22:52,2.1
29,Mo,6,2026,05:09,0.6,11:21,2.0,17:26,0.7,23:31,2.1
30,Tu,6,2026,05:48,0.6,12:01,2.1,18:05,0.7,,
1,We,7,2026,00:09,2.1,06:26,0.6,12:39,2.1,18:43,0.7
2,Th,7,2026,00:46,2.1,07:04,0.5,13:17,2.1,19:20,0.7
3,Fr,7,2026,01:23,2.2,07:41,0.5,13:55,2.1,19:58,0.7
4,Sa,7,2026,02:01,2.1,08:20,0.6,14:33,2.1,20:36,0.7
5,Su,7,2026,02:41,2.1,09:01,0.6,15:14,2.1,21:18,0.7
6,Mo,7,2026,03:24,2.1,09:45,0.6,15:57,2.0,22:03,0.7
7,Tu,7,2026,04:13,2.1,10:33,0.7,16:45,2.0,22:55,0.7
8,We,7,2026,05:08,2.0,11:27,0.7,17:39,2.0,23:54,0.7
9,Th,7,2026,06:09,2.0,12:26,0.7,18:39,2.0,,
10,Fr,7,2026,00:58,0.7,07:14,2.1,13:30,0.7,19:43,2.1
11,Sa,7,2026,02:04,0.6,08:20,2.1,14:35,0.6,20:47,2.2
12,Su,7,2026,03:08,0.5,09:25,2.2,15:38,0.6,21:48,2.3
13,Mo,7,2026,04:08,0.4,10:26,2.3,16:37,0.5,22:46,2.4
14,Tu,7,2026,05:05,0.2,11:23,2.4,17:32,0.4,23:40,2.5
15,We,7,2026,06:00,0.2,12:17,2.4,18:25,0.3,,
16,Th,7,2026,00:33,2.5,06:52,0.2,13:08,2.4,19:15,0.3
17,Fr,7,2026,01:23,2.5,07:43,0.2,13:57,2.4,20:04,0.4
18,Sa,7,2026,02:13,2.4,08:32,0.3,14:45,2.3,20:52,0.5
19,Su,7,2026,03:02,2.3,09:21,0.4,15:32,2.2,21:41,0.6
20,Mo,7,2026,03:52,2.2,10:09,0.6,16:19,2.1,22:31,0.7
21,Tu,7,2026,04:43,2.1,10:58,0.7,17:08,2.0,23:24,0.8
22,We,7,2026,05:38,2.0,11:50,0.8,18:02,1.9,,
23,Th,7,2026,00:23,0.8,06:37,1.9,12:47,0.9,19:00,1.9
24,Fr,7,2026,01:25,0.8,07:38,1.8,13:47,0.9,20:01,1.9
25,Sa,7,2026,02:25,0.8,08:38,1.9,14:46,0.9,20:58,1.9
26,Su,7,2026,03:20,0.8,09:33,1.9,15:39,0.8,21:48,2.0
27,Mo,7,2026,04:07,0.7,10:20,2.0,16:25,0.8,22:32,2.1
28,Tu,7,2026,04:49,0.6,11:02,2.0,17:07,0.7,23:11,2.1
29,We,7,2026,05:28,0.6,11:40,2.1,17:44,0.6,23:48,2.2
30,Th,7,2026,06:04,0.5,12:16,2.2,18:20,0.6,,
31,Fr,7,2026,00:23,2.2,06:40,0.5,12:52,2.2,18:55,0.6
1,Sa,8,2026,00:59,2.3,07:15,0.4,13:27,2.2,19:30,0.5
2,Su,8,2026,01:35,2.3,07:52,0.4,14:03,2.2,20:07,0.5
3,Mo,8,2026,02:14,2.2,08:31,0.5,14:41,2.2,20:47,0.6
4,Tu,8,2026,02:56,2.2,09:14,0.5,15:23,2.1,21:32,0.6
5,We,8,2026,03:44,2.1,10:01,0.6,16:11,2.1,22:25,0.7
6,Th,8,2026,04:40,2.1,10:56,0.7,17:08,2.0,23:27,0.7
7,Fr,8,2026,05:45,2.0,12:01,0.8,18:14,2.0,,
8,Sa,8,2026,00:38,0.7,06:58,2.0,13:13,0.8,19:27,2.0
9,Su,8,2026,01:52,0.6,08:11,2.1,14:25,0.7,20:37,2.1
10,Mo,8,2026,03:00,0.5,09:18,2.2,15:30,0.6,21:40,2.3
11,Tu,8,2026,04:00,0.4,10:18,2.3,16:27,0.5,22:36,2.4
12,We,8,2026,04:55,0.3,11:11,2.4,17:19,0.4,23:27,2.5
13,Th,8,2026,05:46,0.2,12:00,2.4,18:07,0.3,,
14,Fr,8,2026,00:16,2.5,06:33,0.2,12:46,2.4,18:53,0.3
15,Sa,8,2026,01:01,2.5,07:18,0.2,13:30,2.4,19:36,0.3
16,Su,8,2026,01:46,2.4,08:02,0.3,14:11,2.3,20:19,0.4
17,Mo,8,2026,02:30,2.3,08:44,0.5,14:52,2.2,21:02,0.5
18,Tu,8,2026,03:13,2.2,09:26,0.6,15:33,2.1,21:46,0.7
19,We,8,2026,03:59,2.0,10:11,0.7,16:18,2.0,22:36,0.8
20,Th,8,2026,04:51,1.9,11:01,0.9,17:10,1.9,23:35,0.9
21,Fr,8,2026,05:51,1.8,12:00,0.9,18:13,1.8,,
22,Sa,8,2026,00:44,0.9,07:00,1.8,13:09,1.0,19:24,1.8
23,Su,8,2026,01:52,0.9,08:08,1.8,14:17,0.9,20:30,1.9
24,Mo,8,2026,02:52,0.8,09:07,1.9,15:14,0.9,21:23,2.0
25,Tu,8,2026,03:41,0.7,09:55,2.0,16:01,0.8,22:07,2.1
26,We,8,2026,04:23,0.6,10:36,2.1,16:41,0.7,22:45,2.2
27,Th,8,2026,05:00,0.5,11:12,2.2,17:17,0.6,23:21,2.2
28,Fr,8,2026,05:36,0.4,11:47,2.2,17:51,0.5,23:55,2.3
29,Sa,8,2026,06:11,0.4,12:21,2.3,18:26,0.4,,
30,Su,8,2026,00:31,2.4,06:47,0.4,12:56,2.3,19:01,0.4
31,Mo,8,2026,01:08,2.4,07:24,0.4,13:33,2.3,19:39,0.4
1,Tu,9,2026,01:49,2.3,08:04,0.4,14:12,2.3,20:21,0.5
2,We,9,2026,02:33,2.3,08:48,0.5,14:56,2.2,21:09,0.5
3,Th,9,2026,03:24,2.2,09:38,0.6,15:47,2.1,22:05,0.6
4,Fr,9,2026,04:24,2.1,10:38,0.7,16:48,2.0,23:13,0.7
5,Sa,9,2026,05:34,2.0,11:49,0.8,18:02,2.0,,
6,Su,9,2026,00:30,0.7,06:52,2.0,13:06,0.8,19:20,2.0
7,Mo,9,2026,01:46,0.6,08:07,2.0,14:19,0.7,20:31,2.1
8,Tu,9,2026,02:53,0.5,09:12,2.2,15:22,0.6,21:31,2.3
9,We,9,2026,03:50,0.4,10:07,2.3,16:15,0.5,22:23,2.4
10,Th,9,2026,04:40,0.3,10:55,2.4,17:02,0.4,23:10,2.5
11,Fr,9,2026,05:26,0.2,11:39,2.4,17:46,0.3,23:54,2.5
12,Sa,9,2026,06:09,0.2,12:19,2.4,18:27,0.3,,
13,Su,9,2026,00:36,2.5,06:50,0.3,12:58,2.4,19:06,0.3
14,Mo,9,2026,01:16,2.4,07:29,0.4,13:35,2.3,19:45,0.4
15,Tu,9,2026,01:56,2.3,08:07,0.5,14:12,2.2,20:24,0.5
16,We,9,2026,02:36,2.1,08:45,0.7,14:50,2.1,21:05,0.7
17,Th,9,2026,03:18,2.0,09:26,0.8,15:32,2.0,21:53,0.8
18,Fr,9,2026,04:08,1.9,10:15,0.9,16:23,1.9,22:51,0.9
19,Sa,9,2026,05:08,1.8,11:17,1.0,17:29,1.8,,
20,Su,9,2026,00:02,0.9,06:20,1.8,12:29,1.0,18:44,1.8
21,Mo,9,2026,01:14,0.9,07:31,1.8,13:41,1.0,19:53,1.8
22,Tu,9,2026,02:16,0.8,08:31,1.9,14:40,0.9,20:48,1.9
23,We,9,2026,03:06,0.7,09:20,2.0,15:27,0.8,21:32,2.1
24,Th,9,2026,03:48,0.6,10:00,2.1,16:07,0.6,22:11,2.2
25,Fr,9,2026,04:26,0.5,10:37,2.2,16:43,0.5,22:48,2.3
26,Sa,9,2026,05:03,0.4,11:13,2.3,17:19,0.4,23:25,2.4
27,Su,9,2026,06:39,0.4,12:49,2.4,18:56,0.4,,
28,Mo,9,2026,01:03,2.4,07:18,0.3,13:26,2.4,19:34,0.3
29,Tu,9,2026,01:44,2.4,07:59,0.3,14:06,2.4,20:16,0.3
30,We,9,2026,02:29,2.4,08:42,0.4,14:49,2.3,21:02,0.4
1,Th,10,2026,03:17,2.3,09:31,0.5,15:38,2.2,21:55,0.5
2,Fr,10,2026,04:13,2.2,10:25,0.6,16:33,2.1,22:56,0.6
3,Sa,10,2026,05:17,2.1,11:29,0.7,17:40,2.1,,
4,Su,10,2026,00:08,0.6,06:30,2.0,12:43,0.8,18:56,2.0
5,Mo,10,2026,01:24,0.6,07:47,2.0,14:00,0.8,20:12,2.1
6,Tu,10,2026,02:37,0.6,08:57,2.1,15:09,0.7,21:20,2.1
7,We,10,2026,03:40,0.5,09:57,2.1,16:07,0.6,22:16,2.3
8,Th,10,2026,04:33,0.4,10:48,2.2,16:57,0.5,23:06,2.3
9,Fr,10,2026,05:20,0.4,11:33,2.3,17:41,0.4,23:50,2.4
10,Sa,10,2026,06:03,0.3,12:13,2.3,18:22,0.4,,
11,Su,10,2026,00:31,2.4,06:43,0.4,12:51,2.3,19:00,0.4
12,Mo,10,2026,01:10,2.4,07:21,0.4,13:27,2.3,19:38,0.4
13,Tu,10,2026,01:48,2.3,07:57,0.5,14:02,2.2,20:14,0.5
14,We,10,2026,02:25,2.2,08:33,0.6,14:37,2.2,20:52,0.6
15,Th,10,2026,03:04,2.1,09:11,0.7,15:15,2.1,21:32,0.7
16,Fr,10,2026,03:46,2.0,09:52,0.8,15:56,2.0,22:19,0.8
17,Sa,10,2026,04:34,1.9,10:40,0.9,16:46,1.9,23:14,0.8
18,Su,10,2026,05:31,1.8,11:38,1.0,17:48,1.8,,
19,Mo,10,2026,00:19,0.9,06:37,1.8,12:46,1.0,18:58,1.8
20,Tu,10,2026,01:26,0.9,07:44,1.8,13:55,1.0,20:05,1.8
21,We,10,2026,02:28,0.8,08:44,1.9,14:54,0.9,21:02,1.9
22,Th,10,2026,03:20,0.7,09:34,2.0,15:44,0.8,21:50,2.0
23,Fr,10,2026,04:05,0.6,10:18,2.1,16:26,0.6,22:33,2.2
24,Sa,10,2026,04:47,0.5,10:58,2.2,17:07,0.5,23:14,2.3
25,Su,10,2026,05:28,0.4,11:38,2.3,17:47,0.4,23:56,2.4
26,Mo,10,2026,06:09,0.4,12:18,2.4,18:28,0.3,,
27,Tu,10,2026,00:39,2.4,06:53,0.3,13:01,2.4,19:12,0.3
28,We,10,2026,01:25,2.5,07:38,0.3,13:46,2.4,20:00,0.3
29,Th,10,2026,02:15,2.4,08:27,0.4,14:34,2.4,20:51,0.3
30,Fr,10,2026,03:08,2.3,09:19,0.5,15:27,2.3,21:47,0.4
31,Sa,10,2026,04:07,2.2,10:17,0.6,16:26,2.2,22:50,0.5
1,Su,11,2026,05:11,2.1,11:22,0.7,17:32,2.1,23:59,0.6
2,Mo,11,2026,06:20,2.1,12:31,0.7,18:44,2.1,,
3,Tu,11,2026,01:10,0.6,07:30,2.0,13:42,0.7,19:55,2.1
4,We,11,2026,02:17,0.6,08:36,2.1,14:48,0.7,20:59,2.1
5,Th,11,2026,03:17,0.6,09:33,2.1,15:44,0.6,21:55,2.2
6,Fr,11,2026,04:10,0.5,10:23,2.2,16:34,0.5,22:44,2.2
7,Sa,11,2026,04:56,0.5,11:07,2.2,17:18,0.5,23:28,2.3
8,Su,11,2026,05:38,0.5,11:47,2.2,17:58,0.5,,
9,Mo,11,2026,00:09,2.3,06:17,0.5,12:24,2.2,18:37,0.4
10,Tu,11,2026,00:47,2.2,06:55,0.5,13:00,2.2,19:14,0.5
11,We,11,2026,01:25,2.2,07:31,0.6,13:36,2.2,19:51,0.5
12,Th,11,2026,02:02,2.1,08:08,0.6,14:11,2.1,20:28,0.6
13,Fr,11,2026,02:41,2.1,08:46,0.7,14:49,2.1,21:08,0.6
14,Sa,11,2026,03:22,2.0,09:26,0.8,15:30,2.0,21:52,0.7
15,Su,11,2026,04:07,1.9,10:12,0.8,16:16,1.9,22:42,0.8
16,Mo,11,2026,04:58,1.9,11:03,0.9,17:09,1.9,23:36,0.8
17,Tu,11,2026,05:53,1.9,12:00,0.9,18:08,1.9,,
18,We,11,2026,00:34,0.8,06:50,1.9,13:00,0.9,19:09,1.9
19,Th,11,2026,01:32,0.8,07:47,1.9,13:59,0.9,20:08,1.9
20,Fr,11,2026,02:27,0.7,08:41,2.0,14:53,0.8,21:02,2.0
21,Sa,11,2026,03:18,0.7,09:31,2.1,15:43,0.7,21:52,2.1
22,Su,11,2026,04:07,0.6,10:19,2.2,16:31,0.5,22:41,2.2
23,Mo,11,2026,04:55,0.5,11:05,2.3,17:18,0.4,23:31,2.3
24,Tu,11,2026,05:44,0.4,11:53,2.4,18:07,0.3,,
25,We,11,2026,00:21,2.4,06:33,0.4,12:41,2.4,18:57,0.2
26,Th,11,2026,01:12,2.4,07:24,0.4,13:31,2.5,19:48,0.2
27,Fr,11,2026,02:05,2.4,08:16,0.4,14:23,2.4,20:43,0.2
28,Sa,11,2026,03:01,2.4,09:10,0.4,15:18,2.4,21:40,0.3
29,Su,11,2026,03:58,2.3,10:07,0.5,16:16,2.3,22:39,0.4
30,Mo,11,2026,04:57,2.2,11:06,0.6,17:17,2.2,23:41,0.5
1,Tu,12,2026,05:59,2.1,12:09,0.7,18:22,2.1,,
2,We,12,2026,00:44,0.6,07:01,2.1,13:13,0.7,19:27,2.1
3,Th,12,2026,01:46,0.6,08:02,2.0,14:17,0.7,20:30,2.1
4,Fr,12,2026,02:45,0.7,09:01,2.0,15:15,0.7,21:27,2.1
5,Sa,12,2026,03:40,0.7,09:53,2.1,16:08,0.6,22:19,2.1
6,Su,12,2026,04:29,0.7,10:40,2.1,16:55,0.6,23:06,2.1
7,Mo,12,2026,05:14,0.7,11:23,2.1,17:38,0.6,23:49,2.1
8,Tu,12,2026,05:55,0.7,12:02,2.1,18:18,0.5,,
9,We,12,2026,00:29,2.1,06:34,0.7,12:40,2.2,18:56,0.5
10,Th,12,2026,01:07,2.1,07:12,0.7,13:16,2.2,19:33,0.5
11,Fr,12,2026,01:45,2.1,07:49,0.7,13:53,2.1,20:11,0.6
12,Sa,12,2026,02:23,2.1,08:27,0.7,14:30,2.1,20:49,0.6
13,Su,12,2026,03:02,2.1,09:05,0.7,15:08,2.1,21:28,0.6
14,Mo,12,2026,03:42,2.0,09:45,0.7,15:49,2.0,22:10,0.7
15,Tu,12,2026,04:24,2.0,10:28,0.8,16:33,2.0,22:55,0.7
16,We,12,2026,05:09,2.0,11:15,0.8,17:22,2.0,23:44,0.7
17,Th,12,2026,05:58,1.9,12:06,0.8,18:16,1.9,,
18,Fr,12,2026,00:37,0.8,06:50,1.9,13:03,0.8,19:14,2.0
19,Sa,12,2026,01:33,0.8,07:47,2.0,14:03,0.8,20:15,2.0
20,Su,12,2026,02:32,0.7,08:45,2.0,15:03,0.7,21:16,2.1
21,Mo,12,2026,03:31,0.7,09:43,2.1,16:01,0.6,22:15,2.2
22,Tu,12,2026,04:29,0.6,10:39,2.2,16:57,0.4,23:12,2.3
23,We,12,2026,05:25,0.5,11:34,2.3,17:51,0.3,,
24,Th,12,2026,00:08,2.4,06:19,0.4,12:27,2.4,18:45,0.2
25,Fr,12,2026,01:02,2.4,07:12,0.3,13:20,2.5,19:39,0.1
26,Sa,12,2026,01:56,2.5,08:04,0.3,14:12,2.5,20:32,0.2
27,Su,12,2026,02:49,2.4,08:57,0.3,15:05,2.5,21:26,0.2
28,Mo,12,2026,03:41,2.4,09:49,0.4,15:59,2.4,22:20,0.3
29,Tu,12,2026,04:34,2.3,10:42,0.5,16:54,2.3,23:14,0.4
30,We,12,2026,05:28,2.2,11:38,0.6,17:51,2.2,,
31,Th,12,2026,00:10,0.6,06:23,2.1,12:36,0.7,18:51,2.1
