097,Napier,39°29'S,176°55'E                                          
Based on data from,01-Jan-2012,to,31-Dec-2012,reference date:,01-Jul-1999
NZST,Tidal heights in metres.
1,Su,1,2012,05:08,0.3,11:22,1.6,17:37,0.3,23:43,1.5
2,Mo,1,2012,05:56,0.4,12:09,1.5,18:23,0.3,,
3,Tu,1,2012,00:31,1.5,06:45,0.4,12:55,1.5,19:09,0.4
4,We,1,2012,01:19,1.5,07:35,0.4,13:42,1.5,19:56,0.4
5,Th,1,2012,02:08,1.5,08:24,0.4,14:29,1.4,20:43,0.4
6,Fr,1,2012,02:57,1.5,09:13,0.4,15:17,1.4,21:30,0.4
7,Sa,1,2012,03:44,1.5,10:00,0.4,16:05,1.4,22:17,0.4
8,Su,1,2012,04:31,1.5,10:47,0.4,16:52,1.5,23:04,0.3
9,Mo,1,2012,05:16,1.6,11:34,0.3,17:39,1.5,23:50,0.3
10,Tu,1,2012,06:02,1.6,12:20,0.3,18:26,1.5,,
11,We,1,2012,00:36,0.3,06:48,1.7,13:07,0.3,19:14,1.6
12,Th,1,2012,01:22,0.2,07:34,1.7,13:54,0.2,20:01,1.6
13,Fr,1,2012,02:10,0.2,08:22,1.7,14:42,0.2,20:49,1.7
14,Sa,1,2012,02:58,0.2,09:12,1.8,15:31,0.2,21:38,1.7
15,Su,1,2012,03:49,0.1,10:03,1.8,16:21,0.2,22:29,1.7
16,Mo,1,2012,04:42,0.1,10:55,1.7,17:12,0.2,23:22,1.7
17,Tu,1,2012,05:37,0.2,11:48,1.7,18:04,0.2,,
18,We,1,2012,00:17,1.7,06:33,0.2,12:43,1.7,18:59,0.2
19,Th,1,2012,01:14,1.7,07:32,0.2,13:40,1.7,19:55,0.2
20,Fr,1,2012,02:13,1.7,08:31,0.2,14:38,1.7,20:53,0.2
21,Sa,1,2012,03:13,1.7,09:30,0.2,15:36,1.6,21:52,0.2
22,Su,1,2012,04:11,1.7,10:28,0.2,16:34,1.6,22:49,0.2
23,Mo,1,2012,05:08,1.8,11:24,0.2,17:31,1.6,23:45,0.2
24,Tu,1,2012,06:02,1.8,12:18,0.2,18:25,1.6,,
25,We,1,2012,00:38,0.2,06:54,1.8,13:10,0.2,19:17,1.6
26,Th,1,2012,01:28,0.2,07:44,1.7,14:00,0.2,20:06,1.6
27,Fr,1,2012,02:16,0.2,08:32,1.7,14:48,0.2,20:53,1.6
28,Sa,1,2012,03:03,0.2,09:18,1.7,15:33,0.2,21:38,1.6
29,Su,1,2012,03:49,0.3,10:03,1.6,16:17,0.3,22:22,1.6
30,Mo,1,2012,04:35,0.3,10:48,1.6,17:01,0.3,23:07,1.5
31,Tu,1,2012,05:21,0.4,11:32,1.5,17:44,0.3,23:52,1.5
1,We,2,2012,06:08,0.4,12:17,1.5,18:29,0.4,,
2,Th,2,2012,00:38,1.5,06:55,0.4,13:02,1.5,19:14,0.4
3,Fr,2,2012,01:26,1.5,07:43,0.4,13:49,1.4,20:01,0.4
4,Sa,2,2012,02:14,1.5,08:32,0.4,14:37,1.4,20:49,0.4
5,Su,2,2012,03:03,1.5,09:20,0.4,15:25,1.5,21:38,0.4
6,Mo,2,2012,03:51,1.6,10:09,0.4,16:15,1.5,22:27,0.3
7,Tu,2,2012,04:40,1.6,10:57,0.3,17:05,1.5,23:17,0.3
8,We,2,2012,05:29,1.7,11:47,0.3,17:55,1.6,,
9,Th,2,2012,00:06,0.2,06:18,1.7,12:37,0.2,18:46,1.6
10,Fr,2,2012,00:57,0.1,07:09,1.8,13:27,0.2,19:36,1.7
11,Sa,2,2012,01:47,0.1,08:00,1.8,14:18,0.1,20:27,1.7
12,Su,2,2012,02:39,0.1,08:52,1.8,15:10,0.1,21:19,1.8
13,Mo,2,2012,03:32,0.1,09:45,1.8,16:01,0.1,22:12,1.8
14,Tu,2,2012,04:27,0.1,10:39,1.8,16:54,0.1,23:06,1.8
15,We,2,2012,05:23,0.1,11:34,1.7,17:48,0.1,,
16,Th,2,2012,00:02,1.7,06:20,0.1,12:29,1.7,18:43,0.2
17,Fr,2,2012,01:00,1.7,07:18,0.2,13:25,1.6,19:40,0.2
18,Sa,2,2012,01:58,1.7,08:16,0.2,14:22,1.6,20:37,0.2
19,Su,2,2012,02:57,1.7,09:13,0.2,15:20,1.6,21:35,0.2
20,Mo,2,2012,03:53,1.7,10:09,0.2,16:16,1.6,22:31,0.2
21,Tu,2,2012,04:48,1.7,11:03,0.2,17:11,1.6,23:25,0.2
22,We,2,2012,05:40,1.7,11:55,0.2,18:03,1.6,,
23,Th,2,2012,00:16,0.2,06:30,1.7,12:44,0.2,18:52,1.6
24,Fr,2,2012,01:04,0.2,07:18,1.6,13:32,0.3,19:38,1.6
25,Sa,2,2012,01:50,0.3,08:03,1.6,14:17,0.3,20:23,1.6
26,Su,2,2012,02:35,0.3,08:48,1.6,15:00,0.3,21:06,1.6
27,Mo,2,2012,03:19,0.3,09:31,1.6,15:42,0.3,21:48,1.5
28,Tu,2,2012,04:03,0.3,10:14,1.5,16:24,0.3,22:30,1.5
29,We,2,2012,04:47,0.4,10:57,1.5,17:06,0.4,23:14,1.5
1,Th,3,2012,05:32,0.4,11:40,1.5,17:50,0.4,23:59,1.5
2,Fr,3,2012,06:18,0.4,12:24,1.5,18:34,0.4,,
3,Sa,3,2012,00:45,1.5,07:04,0.4,13:10,1.5,19:21,0.4
4,Su,3,2012,01:33,1.5,07:52,0.4,13:58,1.5,20:10,0.4
5,Mo,3,2012,02:23,1.5,08:41,0.4,14:48,1.5,21:01,0.3
6,Tu,3,2012,03:13,1.6,09:31,0.3,15:39,1.5,21:53,0.3
7,We,3,2012,04:05,1.6,10:22,0.3,16:32,1.6,22:45,0.2
8,Th,3,2012,04:57,1.7,11:14,0.2,17:25,1.7,23:38,0.1
9,Fr,3,2012,05:50,1.8,12:07,0.1,18:18,1.7,,
10,Sa,3,2012,00:32,0.1,06:43,1.8,13:00,0.1,19:12,1.8
11,Su,3,2012,01:26,0.0,07:38,1.8,13:54,0.1,20:05,1.8
12,Mo,3,2012,02:20,0.0,08:33,1.8,14:48,0.1,20:59,1.8
13,Tu,3,2012,03:16,0.0,09:28,1.8,15:42,0.1,21:54,1.8
14,We,3,2012,04:12,0.0,10:23,1.8,16:36,0.1,22:50,1.8
15,Th,3,2012,05:09,0.1,11:19,1.7,17:31,0.1,23:47,1.8
16,Fr,3,2012,06:06,0.1,12:14,1.7,18:27,0.2,,
17,Sa,3,2012,00:44,1.7,07:03,0.2,13:10,1.6,19:24,0.2
18,Su,3,2012,01:42,1.7,07:59,0.2,14:06,1.6,20:21,0.3
19,Mo,3,2012,02:38,1.7,08:54,0.2,15:02,1.6,21:17,0.3
20,Tu,3,2012,03:33,1.6,09:47,0.3,15:56,1.6,22:11,0.3
21,We,3,2012,04:25,1.6,10:39,0.3,16:48,1.6,23:03,0.3
22,Th,3,2012,05:15,1.6,11:28,0.3,17:38,1.6,23:51,0.3
23,Fr,3,2012,06:03,1.6,12:15,0.3,18:24,1.6,,
24,Sa,3,2012,00:38,0.3,06:48,1.6,13:00,0.3,19:09,1.6
25,Su,3,2012,01:22,0.3,07:33,1.5,13:44,0.3,19:51,1.6
26,Mo,3,2012,02:05,0.3,08:16,1.5,14:26,0.3,20:32,1.6
27,Tu,3,2012,02:48,0.3,08:58,1.5,15:07,0.3,21:14,1.5
28,We,3,2012,03:31,0.4,09:41,1.5,15:48,0.4,21:55,1.5
29,Th,3,2012,04:14,0.4,10:23,1.5,16:30,0.4,22:38,1.5
30,Fr,3,2012,04:58,0.4,11:06,1.5,17:13,0.4,23:22,1.5
31,Sa,3,2012,05:43,0.4,11:50,1.5,17:57,0.4,,
1,Su,4,2012,00:08,1.5,06:29,0.4,12:35,1.5,18:45,0.4
2,Mo,4,2012,00:56,1.6,07:16,0.3,13:23,1.5,19:35,0.3
3,Tu,4,2012,01:47,1.6,08:05,0.3,14:14,1.5,20:27,0.3
4,We,4,2012,02:39,1.6,08:56,0.3,15:07,1.6,21:22,0.2
5,Th,4,2012,03:32,1.7,09:49,0.2,16:01,1.7,22:17,0.2
6,Fr,4,2012,04:27,1.7,10:43,0.2,16:57,1.7,23:12,0.1
7,Sa,4,2012,05:22,1.8,11:39,0.1,17:53,1.8,,
8,Su,4,2012,00:08,0.0,06:19,1.8,12:34,0.1,18:48,1.9
9,Mo,4,2012,01:05,0.0,07:16,1.8,13:30,0.0,19:44,1.9
10,Tu,4,2012,02:01,0.0,08:13,1.8,14:26,0.0,20:40,1.9
11,We,4,2012,02:58,0.0,09:09,1.8,15:21,0.0,21:36,1.9
12,Th,4,2012,03:56,0.0,10:06,1.8,16:17,0.1,22:32,1.8
13,Fr,4,2012,04:53,0.1,11:02,1.7,17:12,0.1,23:29,1.8
14,Sa,4,2012,05:49,0.1,11:57,1.7,18:08,0.2,,
15,Su,4,2012,00:26,1.7,06:44,0.2,12:52,1.6,19:05,0.2
16,Mo,4,2012,01:22,1.7,07:38,0.2,13:47,1.6,20:01,0.3
17,Tu,4,2012,02:16,1.6,08:30,0.3,14:40,1.6,20:55,0.3
18,We,4,2012,03:08,1.6,09:21,0.3,15:32,1.5,21:47,0.3
19,Th,4,2012,03:58,1.6,10:10,0.3,16:22,1.5,22:37,0.3
20,Fr,4,2012,04:46,1.5,10:58,0.3,17:10,1.5,23:24,0.3
21,Sa,4,2012,05:32,1.5,11:43,0.3,17:54,1.5,,
22,Su,4,2012,00:09,0.3,06:17,1.5,12:27,0.3,18:37,1.5
23,Mo,4,2012,00:53,0.3,07:01,1.5,13:10,0.4,19:19,1.6
24,Tu,4,2012,01:35,0.4,07:44,1.5,13:51,0.4,19:59,1.6
25,We,4,2012,02:18,0.4,08:26,1.5,14:33,0.4,20:40,1.6
26,Th,4,2012,03:00,0.4,09:08,1.5,15:14,0.4,21:22,1.6
27,Fr,4,2012,03:43,0.4,09:51,1.5,15:56,0.4,22:04,1.6
28,Sa,4,2012,04:27,0.3,10:34,1.5,16:39,0.4,22:49,1.6
29,Su,4,2012,05:11,0.3,11:18,1.5,17:24,0.4,23:35,1.6
30,Mo,4,2012,05:57,0.3,12:04,1.5,18:13,0.3,,
1,Tu,5,2012,00:24,1.6,06:44,0.3,12:53,1.5,19:04,0.3
2,We,5,2012,01:16,1.6,07:34,0.3,13:45,1.6,19:59,0.3
3,Th,5,2012,02:09,1.7,08:26,0.2,14:39,1.7,20:55,0.2
4,Fr,5,2012,03:04,1.7,09:20,0.2,15:35,1.7,21:52,0.1
5,Sa,5,2012,04:00,1.7,10:16,0.1,16:32,1.8,22:49,0.1
6,Su,5,2012,04:58,1.8,11:13,0.1,17:30,1.9,23:47,0.0
7,Mo,5,2012,05:56,1.8,12:10,0.0,18:26,1.9,,
8,Tu,5,2012,00:44,0.0,06:54,1.8,13:07,0.0,19:23,1.9
9,We,5,2012,01:42,0.0,07:52,1.8,14:04,0.0,20:20,1.9
10,Th,5,2012,02:40,0.0,08:49,1.8,15:00,0.0,21:16,1.9
11,Fr,5,2012,03:37,0.0,09:46,1.8,15:56,0.1,22:12,1.8
12,Sa,5,2012,04:33,0.1,10:41,1.7,16:51,0.1,23:08,1.8
13,Su,5,2012,05:27,0.1,11:36,1.7,17:46,0.2,,
14,Mo,5,2012,00:03,1.7,06:21,0.2,12:29,1.6,18:41,0.3
15,Tu,5,2012,00:56,1.6,07:12,0.2,13:22,1.6,19:36,0.3
16,We,5,2012,01:48,1.6,08:02,0.3,14:14,1.5,20:29,0.3
17,Th,5,2012,02:38,1.5,08:51,0.3,15:04,1.5,21:19,0.4
18,Fr,5,2012,03:27,1.5,09:38,0.3,15:52,1.5,22:08,0.4
19,Sa,5,2012,04:14,1.5,10:24,0.4,16:38,1.5,22:54,0.4
20,Su,5,2012,04:59,1.5,11:09,0.4,17:23,1.5,23:39,0.4
21,Mo,5,2012,05:44,1.5,11:53,0.4,18:05,1.5,,
22,Tu,5,2012,00:22,0.4,06:28,1.5,12:36,0.4,18:46,1.6
23,We,5,2012,01:05,0.4,07:11,1.5,13:18,0.4,19:27,1.6
24,Th,5,2012,01:47,0.4,07:54,1.5,13:59,0.4,20:08,1.6
25,Fr,5,2012,02:30,0.3,08:37,1.5,14:41,0.3,20:50,1.6
26,Sa,5,2012,03:13,0.3,09:20,1.5,15:24,0.3,21:34,1.6
27,Su,5,2012,03:57,0.3,10:04,1.5,16:09,0.3,22:20,1.6
28,Mo,5,2012,04:42,0.3,10:49,1.5,16:56,0.3,23:07,1.6
29,Tu,5,2012,05:28,0.3,11:37,1.5,17:46,0.3,23:57,1.6
30,We,5,2012,06:17,0.2,12:27,1.6,18:40,0.3,,
31,Th,5,2012,00:50,1.7,07:07,0.2,13:20,1.6,19:35,0.2
1,Fr,6,2012,01:44,1.7,08:00,0.2,14:16,1.7,20:33,0.2
2,Sa,6,2012,02:40,1.7,08:56,0.1,15:13,1.8,21:31,0.1
3,Su,6,2012,03:38,1.7,09:53,0.1,16:11,1.8,22:29,0.1
4,Mo,6,2012,04:36,1.8,10:51,0.1,17:09,1.9,23:27,0.0
5,Tu,6,2012,05:35,1.8,11:49,0.0,18:06,1.9,,
6,We,6,2012,00:25,0.0,06:33,1.8,12:46,0.0,19:03,1.9
7,Th,6,2012,01:22,0.0,07:31,1.8,13:42,0.0,19:59,1.9
8,Fr,6,2012,02:19,0.0,08:28,1.8,14:38,0.1,20:54,1.9
9,Sa,6,2012,03:15,0.1,09:23,1.7,15:32,0.1,21:49,1.8
10,Su,6,2012,04:09,0.1,10:17,1.7,16:27,0.2,22:43,1.7
11,Mo,6,2012,05:01,0.2,11:09,1.6,17:20,0.2,23:35,1.7
12,Tu,6,2012,05:52,0.2,12:01,1.6,18:13,0.3,,
13,We,6,2012,00:26,1.6,06:41,0.3,12:52,1.6,19:06,0.3
14,Th,6,2012,01:16,1.6,07:29,0.3,13:42,1.5,19:57,0.4
15,Fr,6,2012,02:05,1.5,08:17,0.3,14:31,1.5,20:47,0.4
16,Sa,6,2012,02:52,1.5,09:03,0.4,15:19,1.5,21:35,0.4
17,Su,6,2012,03:39,1.5,09:49,0.4,16:05,1.5,22:21,0.4
18,Mo,6,2012,04:25,1.4,10:35,0.4,16:49,1.5,23:06,0.4
19,Tu,6,2012,05:10,1.4,11:19,0.4,17:32,1.6,23:50,0.4
20,We,6,2012,05:55,1.4,12:02,0.4,18:14,1.6,,
21,Th,6,2012,00:33,0.3,06:39,1.5,12:45,0.3,18:56,1.6
22,Fr,6,2012,01:16,0.3,07:23,1.5,13:28,0.3,19:38,1.6
23,Sa,6,2012,02:00,0.3,08:07,1.5,14:12,0.3,20:22,1.6
24,Su,6,2012,02:44,0.3,08:51,1.5,14:56,0.3,21:07,1.7
25,Mo,6,2012,03:30,0.3,09:37,1.6,15:43,0.3,21:55,1.7
26,Tu,6,2012,04:16,0.2,10:24,1.6,16:33,0.3,22:44,1.7
27,We,6,2012,05:04,0.2,11:13,1.6,17:25,0.2,23:35,1.7
28,Th,6,2012,05:53,0.2,12:05,1.6,18:20,0.2,,
29,Fr,6,2012,00:29,1.7,06:45,0.2,13:00,1.7,19:17,0.2
30,Sa,6,2012,01:24,1.7,07:39,0.2,13:57,1.7,20:15,0.2
1,Su,7,2012,02:21,1.7,08:36,0.1,14:55,1.8,21:13,0.1
2,Mo,7,2012,03:19,1.7,09:34,0.1,15:53,1.8,22:12,0.1
3,Tu,7,2012,04:18,1.7,10:32,0.1,16:51,1.9,23:09,0.1
4,We,7,2012,05:16,1.7,11:30,0.1,17:48,1.9,,
5,Th,7,2012,00:06,0.1,06:14,1.7,12:26,0.1,18:43,1.9
6,Fr,7,2012,01:02,0.1,07:10,1.7,13:21,0.1,19:38,1.9
7,Sa,7,2012,01:57,0.1,08:05,1.7,14:15,0.1,20:31,1.8
8,Su,7,2012,02:50,0.1,08:58,1.7,15:07,0.1,21:23,1.8
9,Mo,7,2012,03:41,0.1,09:49,1.7,15:59,0.2,22:14,1.7
10,Tu,7,2012,04:31,0.2,10:39,1.6,16:50,0.3,23:04,1.6
11,We,7,2012,05:19,0.2,11:28,1.6,17:41,0.3,23:52,1.6
12,Th,7,2012,06:06,0.3,12:17,1.5,18:32,0.4,,
13,Fr,7,2012,00:40,1.5,06:53,0.3,13:05,1.5,19:22,0.4
14,Sa,7,2012,01:28,1.5,07:39,0.4,13:54,1.5,20:11,0.4
15,Su,7,2012,02:15,1.4,08:26,0.4,14:42,1.5,20:59,0.4
16,Mo,7,2012,03:02,1.4,09:13,0.4,15:29,1.5,21:46,0.4
17,Tu,7,2012,03:49,1.4,09:59,0.4,16:14,1.5,22:32,0.4
18,We,7,2012,04:35,1.4,10:45,0.4,16:58,1.6,23:16,0.4
19,Th,7,2012,05:21,1.5,11:30,0.3,17:41,1.6,,
20,Fr,7,2012,00:01,0.3,06:07,1.5,12:14,0.3,18:25,1.6
21,Sa,7,2012,00:45,0.3,06:52,1.5,12:59,0.3,19:10,1.7
22,Su,7,2012,01:30,0.2,07:38,1.6,13:45,0.2,19:56,1.7
23,Mo,7,2012,02:17,0.2,08:24,1.6,14:32,0.2,20:43,1.7
24,Tu,7,2012,03:04,0.2,09:12,1.6,15:21,0.2,21:33,1.7
25,We,7,2012,03:52,0.2,10:01,1.7,16:13,0.2,22:24,1.7
26,Th,7,2012,04:41,0.2,10:53,1.7,17:07,0.2,23:17,1.7
27,Fr,7,2012,05:33,0.2,11:47,1.7,18:03,0.2,,
28,Sa,7,2012,00:11,1.7,06:26,0.2,12:43,1.7,19:01,0.2
29,Su,7,2012,01:08,1.7,07:22,0.2,13:41,1.7,20:00,0.2
30,Mo,7,2012,02:05,1.7,08:19,0.2,14:40,1.8,20:58,0.2
31,Tu,7,2012,03:03,1.7,09:18,0.1,15:38,1.8,21:56,0.1
1,We,8,2012,04:02,1.7,10:16,0.1,16:35,1.8,22:53,0.1
2,Th,8,2012,04:59,1.7,11:13,0.1,17:30,1.8,23:48,0.1
3,Fr,8,2012,05:56,1.7,12:07,0.1,18:23,1.8,,
4,Sa,8,2012,00:41,0.1,06:49,1.7,13:00,0.1,19:15,1.8
5,Su,8,2012,01:33,0.1,07:41,1.7,13:51,0.1,20:06,1.8
6,Mo,8,2012,02:23,0.1,08:31,1.7,14:41,0.2,20:55,1.7
7,Tu,8,2012,03:11,0.2,09:19,1.6,15:30,0.2,21:43,1.6
8,We,8,2012,03:57,0.2,10:05,1.6,16:18,0.3,22:30,1.6
9,Th,8,2012,04:43,0.3,10:52,1.6,17:07,0.3,23:16,1.5
10,Fr,8,2012,05:28,0.3,11:39,1.5,17:55,0.4,,
11,Sa,8,2012,00:03,1.5,06:14,0.3,12:26,1.5,18:44,0.4
12,Su,8,2012,00:49,1.5,07:00,0.4,13:14,1.5,19:33,0.4
13,Mo,8,2012,01:37,1.4,07:47,0.4,14:02,1.5,20:21,0.4
14,Tu,8,2012,02:25,1.4,08:35,0.4,14:50,1.5,21:09,0.4
15,We,8,2012,03:12,1.4,09:23,0.4,15:37,1.6,21:55,0.4
16,Th,8,2012,04:00,1.5,10:10,0.3,16:22,1.6,22:41,0.3
17,Fr,8,2012,04:48,1.5,10:57,0.3,17:08,1.6,23:27,0.3
18,Sa,8,2012,05:35,1.6,11:44,0.2,17:55,1.7,,
19,Su,8,2012,00:14,0.2,06:23,1.6,12:32,0.2,18:42,1.7
20,Mo,8,2012,01:02,0.2,07:11,1.7,13:20,0.2,19:31,1.8
21,Tu,8,2012,01:50,0.1,08:00,1.7,14:11,0.1,20:22,1.8
22,We,8,2012,02:40,0.1,08:50,1.7,15:02,0.1,21:13,1.8
23,Th,8,2012,03:30,0.1,09:42,1.8,15:56,0.1,22:06,1.7
24,Fr,8,2012,04:22,0.1,10:35,1.8,16:52,0.1,23:01,1.7
25,Sa,8,2012,05:15,0.1,11:30,1.7,17:49,0.2,23:57,1.7
26,Su,8,2012,06:10,0.2,12:28,1.7,18:47,0.2,,
27,Mo,8,2012,00:53,1.7,07:07,0.2,13:27,1.7,19:46,0.2
28,Tu,8,2012,01:51,1.6,08:05,0.2,14:25,1.7,20:44,0.2
29,We,8,2012,02:49,1.6,09:04,0.2,15:23,1.7,21:40,0.2
30,Th,8,2012,03:47,1.6,10:01,0.2,16:18,1.8,22:35,0.2
31,Fr,8,2012,04:43,1.6,10:56,0.2,17:12,1.7,23:28,0.2
1,Sa,9,2012,05:37,1.7,11:49,0.2,18:03,1.7,,
2,Su,9,2012,00:19,0.2,06:28,1.7,12:39,0.2,18:52,1.7
3,Mo,9,2012,01:08,0.2,07:16,1.7,13:27,0.2,19:40,1.7
4,Tu,9,2012,01:54,0.2,08:03,1.6,14:14,0.2,20:26,1.6
5,We,9,2012,02:39,0.2,08:48,1.6,15:00,0.3,21:11,1.6
6,Th,9,2012,03:23,0.3,09:32,1.6,15:46,0.3,21:55,1.5
7,Fr,9,2012,04:06,0.3,10:15,1.6,16:32,0.4,22:40,1.5
8,Sa,9,2012,04:50,0.3,11:00,1.5,17:19,0.4,23:25,1.5
9,Su,9,2012,05:34,0.4,11:46,1.5,18:06,0.4,,
10,Mo,9,2012,00:11,1.4,06:20,0.4,12:33,1.5,18:54,0.4
11,Tu,9,2012,00:58,1.4,07:07,0.4,13:21,1.5,19:42,0.4
12,We,9,2012,01:46,1.4,07:56,0.4,14:10,1.5,20:30,0.4
13,Th,9,2012,02:35,1.5,08:46,0.4,14:58,1.6,21:17,0.3
14,Fr,9,2012,03:24,1.5,09:35,0.3,15:47,1.6,22:06,0.3
15,Sa,9,2012,04:14,1.5,10:25,0.3,16:36,1.7,22:54,0.2
16,Su,9,2012,05:04,1.6,11:16,0.2,17:26,1.7,23:44,0.2
17,Mo,9,2012,05:55,1.7,12:06,0.1,18:16,1.8,,
18,Tu,9,2012,00:34,0.1,06:46,1.8,12:58,0.1,19:08,1.8
19,We,9,2012,01:25,0.1,07:37,1.8,13:51,0.1,20:01,1.8
20,Th,9,2012,02:17,0.1,08:30,1.8,14:45,0.0,20:55,1.8
21,Fr,9,2012,03:10,0.1,09:23,1.8,15:40,0.1,21:50,1.8
22,Sa,9,2012,04:03,0.1,10:18,1.8,16:37,0.1,22:46,1.7
23,Su,9,2012,04:58,0.1,11:15,1.8,17:35,0.1,23:42,1.7
24,Mo,9,2012,05:54,0.1,12:13,1.8,18:33,0.2,,
25,Tu,9,2012,00:39,1.6,06:52,0.2,13:12,1.7,19:31,0.2
26,We,9,2012,01:37,1.6,07:50,0.2,14:10,1.7,20:27,0.2
27,Th,9,2012,02:34,1.6,08:48,0.2,15:06,1.7,21:22,0.2
28,Fr,9,2012,03:31,1.6,09:45,0.2,16:00,1.7,22:15,0.2
29,Sa,9,2012,04:25,1.6,10:38,0.2,16:51,1.7,23:06,0.2
30,Su,9,2012,05:17,1.6,11:29,0.2,17:41,1.6,23:55,0.2
1,Mo,10,2012,06:05,1.6,12:17,0.2,18:28,1.6,,
2,Tu,10,2012,00:41,0.2,06:51,1.6,13:03,0.3,19:13,1.6
3,We,10,2012,01:26,0.2,07:35,1.6,13:48,0.3,19:57,1.6
4,Th,10,2012,02:08,0.3,08:17,1.6,14:32,0.3,20:40,1.5
5,Fr,10,2012,02:50,0.3,08:59,1.6,15:15,0.3,21:23,1.5
6,Sa,10,2012,03:32,0.3,09:41,1.6,15:59,0.4,22:06,1.5
7,Su,10,2012,04:13,0.3,10:24,1.6,16:44,0.4,22:49,1.5
8,Mo,10,2012,04:57,0.4,11:08,1.5,17:29,0.4,23:34,1.4
9,Tu,10,2012,05:41,0.4,11:54,1.5,18:16,0.4,,
10,We,10,2012,00:20,1.4,06:28,0.4,12:42,1.5,19:03,0.4
11,Th,10,2012,01:08,1.5,07:18,0.4,13:31,1.6,19:51,0.3
12,Fr,10,2012,01:58,1.5,08:09,0.3,14:21,1.6,20:40,0.3
13,Sa,10,2012,02:49,1.5,09:02,0.3,15:12,1.6,21:31,0.2
14,Su,10,2012,03:42,1.6,09:55,0.2,16:05,1.7,22:22,0.2
15,Mo,10,2012,04:35,1.7,10:49,0.2,16:58,1.8,23:15,0.1
16,Tu,10,2012,05:29,1.8,11:43,0.1,17:52,1.8,,
17,We,10,2012,00:08,0.1,06:22,1.8,12:37,0.0,18:46,1.8
18,Th,10,2012,01:02,0.0,07:16,1.9,13:32,0.0,19:42,1.8
19,Fr,10,2012,01:56,0.0,08:11,1.9,14:28,0.0,20:37,1.8
20,Sa,10,2012,02:50,0.0,09:06,1.9,15:24,0.0,21:33,1.8
21,Su,10,2012,03:45,0.0,10:02,1.9,16:21,0.0,22:29,1.8
22,Mo,10,2012,04:40,0.1,10:58,1.8,17:19,0.1,23:26,1.7
23,Tu,10,2012,05:37,0.1,11:56,1.8,18:16,0.1,,
24,We,10,2012,00:22,1.7,06:35,0.2,12:53,1.7,19:12,0.2
25,Th,10,2012,01:19,1.6,07:32,0.2,13:50,1.7,20:07,0.2
26,Fr,10,2012,02:16,1.6,08:30,0.3,14:45,1.6,21:00,0.2
27,Sa,10,2012,03:11,1.6,09:25,0.3,15:38,1.6,21:52,0.3
28,Su,10,2012,04:04,1.6,10:17,0.3,16:28,1.6,22:41,0.3
29,Mo,10,2012,04:54,1.6,11:07,0.3,17:15,1.6,23:28,0.3
30,Tu,10,2012,05:41,1.6,11:54,0.3,18:01,1.5,,
31,We,10,2012,00:13,0.3,06:25,1.6,12:38,0.3,18:46,1.5
1,Th,11,2012,00:56,0.3,07:07,1.6,13:22,0.3,19:29,1.5
2,Fr,11,2012,01:38,0.3,07:48,1.6,14:04,0.3,20:11,1.5
3,Sa,11,2012,02:19,0.3,08:28,1.6,14:46,0.3,20:52,1.5
4,Su,11,2012,02:59,0.3,09:09,1.6,15:29,0.3,21:34,1.5
5,Mo,11,2012,03:40,0.3,09:51,1.6,16:12,0.4,22:16,1.5
6,Tu,11,2012,04:22,0.4,10:34,1.6,16:55,0.4,23:00,1.5
7,We,11,2012,05:06,0.4,11:19,1.6,17:40,0.4,23:45,1.5
8,Th,11,2012,05:53,0.4,12:06,1.6,18:26,0.3,,
9,Fr,11,2012,00:33,1.5,06:43,0.3,12:55,1.6,19:15,0.3
10,Sa,11,2012,01:23,1.5,07:36,0.3,13:47,1.6,20:05,0.3
11,Su,11,2012,02:17,1.6,08:31,0.3,14:41,1.7,20:58,0.2
12,Mo,11,2012,03:12,1.6,09:27,0.2,15:35,1.7,21:53,0.2
13,Tu,11,2012,04:08,1.7,10:23,0.1,16:32,1.8,22:48,0.1
14,We,11,2012,05:05,1.8,11:20,0.1,17:28,1.8,23:44,0.0
15,Th,11,2012,06:01,1.9,12:17,0.0,18:25,1.8,,
16,Fr,11,2012,00:40,0.0,06:57,1.9,13:14,0.0,19:23,1.8
17,Sa,11,2012,01:36,0.0,07:52,2.0,14:11,0.0,20:19,1.8
18,Su,11,2012,02:31,0.0,08:48,1.9,15:07,0.0,21:15,1.8
19,Mo,11,2012,03:26,0.0,09:44,1.9,16:04,0.0,22:11,1.8
20,Tu,11,2012,04:22,0.1,10:40,1.9,16:59,0.1,23:06,1.7
21,We,11,2012,05:18,0.1,11:36,1.8,17:54,0.1,,
22,Th,11,2012,00:02,1.7,06:14,0.2,12:31,1.7,18:48,0.2
23,Fr,11,2012,00:57,1.6,07:10,0.3,13:26,1.6,19:41,0.2
24,Sa,11,2012,01:51,1.6,08:06,0.3,14:19,1.6,20:33,0.3
25,Su,11,2012,02:45,1.5,09:00,0.3,15:10,1.6,21:23,0.3
26,Mo,11,2012,03:37,1.5,09:51,0.4,15:59,1.5,22:12,0.3
27,Tu,11,2012,04:26,1.5,10:40,0.4,16:47,1.5,22:59,0.3
28,We,11,2012,05:13,1.5,11:27,0.4,17:33,1.5,23:44,0.3
29,Th,11,2012,05:56,1.6,12:11,0.4,18:17,1.5,,
30,Fr,11,2012,00:27,0.3,06:38,1.6,12:54,0.4,19:00,1.5
1,Sa,12,2012,01:08,0.3,07:19,1.6,13:36,0.3,19:42,1.5
2,Su,12,2012,01:49,0.3,07:59,1.6,14:18,0.3,20:23,1.5
3,Mo,12,2012,02:29,0.3,08:39,1.6,15:00,0.3,21:05,1.5
4,Tu,12,2012,03:10,0.3,09:21,1.6,15:42,0.3,21:46,1.5
5,We,12,2012,03:52,0.3,10:04,1.6,16:25,0.3,22:29,1.5
6,Th,12,2012,04:36,0.3,10:48,1.6,17:09,0.3,23:14,1.5
7,Fr,12,2012,05:23,0.3,11:35,1.6,17:55,0.3,,
8,Sa,12,2012,00:02,1.5,06:14,0.3,12:25,1.6,18:43,0.3
9,Su,12,2012,00:53,1.6,07:08,0.3,13:18,1.6,19:35,0.2
10,Mo,12,2012,01:48,1.6,08:04,0.2,14:13,1.7,20:30,0.2
11,Tu,12,2012,02:46,1.7,09:02,0.2,15:10,1.7,21:26,0.1
12,We,12,2012,03:44,1.8,10:01,0.1,16:08,1.7,22:25,0.1
13,Th,12,2012,04:43,1.8,10:59,0.1,17:07,1.8,23:23,0.0
14,Fr,12,2012,05:40,1.9,11:58,0.0,18:06,1.8,,
15,Sa,12,2012,00:20,0.0,06:37,1.9,12:55,0.0,19:04,1.8
16,Su,12,2012,01:17,0.0,07:34,2.0,13:52,0.0,20:00,1.8
17,Mo,12,2012,02:12,0.0,08:29,1.9,14:48,0.0,20:56,1.8
18,Tu,12,2012,03:07,0.0,09:24,1.9,15:43,0.0,21:50,1.8
19,We,12,2012,04:01,0.1,10:19,1.8,16:37,0.1,22:44,1.7
20,Th,12,2012,04:55,0.1,11:12,1.8,17:29,0.1,23:37,1.7
21,Fr,12,2012,05:49,0.2,12:05,1.7,18:20,0.2,,
22,Sa,12,2012,00:29,1.6,06:43,0.3,12:57,1.6,19:11,0.3
23,Su,12,2012,01:22,1.6,07:37,0.3,13:47,1.6,20:00,0.3
24,Mo,12,2012,02:14,1.5,08:29,0.4,14:37,1.5,20:50,0.3
25,Tu,12,2012,03:05,1.5,09:20,0.4,15:26,1.5,21:38,0.4
26,We,12,2012,03:54,1.5,10:09,0.4,16:14,1.5,22:26,0.4
27,Th,12,2012,04:40,1.5,10:55,0.4,17:00,1.4,23:11,0.4
28,Fr,12,2012,05:24,1.5,11:40,0.4,17:46,1.5,23:55,0.3
29,Sa,12,2012,06:07,1.6,12:24,0.4,18:29,1.5,,
30,Su,12,2012,00:37,0.3,06:48,1.6,13:07,0.4,19:12,1.5
31,Mo,12,2012,01:19,0.3,07:29,1.6,13:49,0.3,19:54,1.5
